Workbook

Sheet summery 
B4: SPUR WISE STACKING
D5: =IF(SUM(D6:D17)>2,1,0) -> 0 | E5: =IF(SUM(E6:E17)>2,1,0) -> 1 | F5: =IF(SUM(F6:F17)>2,1,0) -> 0 | G5: =IF(SUM(G6:G17)>2,1,0) -> 0 | H5: =IF(SUM(H6:H17)>2,1,0) -> 0 | I5: =IF(SUM(I6:I17)>2,1,0) -> 0 | J5: =IF(SUM(J6:J17)>2,1,0) -> 1 | K5: =IF(SUM(K6:K17)>2,1,0) -> 0 | ... S5: =IF(SUM(S6:S17)>2,1,0) -> 0
B6: SPUR 1 | D6: ='PILE-1A'!L23 -> 0 | E6: ='PILE-1B'!L23 -> 1 | F6: ='PILE-1C'!L23 -> 0 | G6: ='PILE-1D'!L19 -> 0 | H6: ='PILE-2A'!L23 -> 1 | I6: ='PILE-2B'!L23 -> 0 | J6: ='PILE-2C'!L23 -> 1 | K6: ='PILE-2D'!L23 -> 0 | L6: ='PILE-3A'!L20 -> 0 | M6: ='PILE-3B'!L23 -> 0 | N6: ='PILE-3C'!L23 -> 0 | O6: ='PILE-3D'!L21 -> 0 | P6: ='PILE-4A'!L23 -> 1 | Q6: ='PILE-4B'!L22 -> 0 | R6: ='PILE-4C'!L19 -> 1 | S6: ='PILE-4D'!L23 -> 0
B7: SPUR 2 | D7: ='PILE-1A'!L24 -> 1 | E7: ='PILE-1B'!L24 -> 0 | F7: ='PILE-1C'!L24 -> 0 | G7: ='PILE-1D'!L20 -> 0 | H7: ='PILE-2A'!L24 -> 0 | I7: ='PILE-2B'!L24 -> 0 | J7: ='PILE-2C'!L24 -> 1 | K7: ='PILE-2D'!L24 -> 0 | L7: ='PILE-3A'!L21 -> 1 | M7: ='PILE-3B'!L24 -> 0 | N7: ='PILE-3C'!L24 -> 0 | O7: ='PILE-3D'!L22 -> 0 | P7: ='PILE-4A'!L24 -> 0 | Q7: ='PILE-4B'!L23 -> 0 | R7: ='PILE-4C'!L20 -> 1 | S7: ='PILE-4D'!L24 -> 0
B8: SPUR 3 | D8: ='PILE-1A'!L25 -> 0 | E8: ='PILE-1B'!L25 -> 0 | F8: ='PILE-1C'!L25 -> 0 | G8: ='PILE-1D'!L21 -> 0 | H8: ='PILE-2A'!L25 -> 0 | I8: ='PILE-2B'!L25 -> 0 | J8: ='PILE-2C'!L25 -> 0 | K8: ='PILE-2D'!L25 -> 0 | L8: ='PILE-3A'!L22 -> 1 | M8: ='PILE-3B'!L25 -> 0 | N8: ='PILE-3C'!L25 -> 0 | O8: ='PILE-3D'!L23 -> 0 | P8: ='PILE-4A'!L25 -> 1 | Q8: ='PILE-4B'!L24 -> 0 | R8: ='PILE-4C'!L21 -> 0 | S8: ='PILE-4D'!L25 -> 0
B9: SPUR 4 | D9: ='PILE-1A'!L26 -> 0 | E9: ='PILE-1B'!L26 -> 0 | F9: ='PILE-1C'!L26 -> 0 | G9: ='PILE-1D'!L22 -> 0 | H9: ='PILE-2A'!L26 -> 0 | I9: ='PILE-2B'!L26 -> 0 | J9: ='PILE-2C'!L26 -> 1 | K9: ='PILE-2D'!L26 -> 0 | L9: ='PILE-3A'!L23 -> 0 | M9: ='PILE-3B'!L26 -> 0 | N9: ='PILE-3C'!L26 -> 0 | O9: ='PILE-3D'!L24 -> 1 | P9: ='PILE-4A'!L26 -> 1 | Q9: ='PILE-4B'!L25 -> 0 | R9: ='PILE-4C'!L22 -> 0 | S9: ='PILE-4D'!L26 -> 0
B10: SPUR 5 | D10: ='PILE-1A'!L27 -> 0 | E10: ='PILE-1B'!L27 -> 1 | F10: ='PILE-1C'!L27 -> 0 | G10: ='PILE-1D'!L23 -> 0 | H10: ='PILE-2A'!L27 -> 0 | I10: ='PILE-2B'!L27 -> 0 | J10: ='PILE-2C'!L27 -> 0 | K10: ='PILE-2D'!L27 -> 1 | L10: ='PILE-3A'!L24 -> 0 | M10: ='PILE-3B'!L27 -> 1 | N10: ='PILE-3C'!L27 -> 0 | O10: ='PILE-3D'!L25 -> 0 | P10: ='PILE-4A'!L27 -> 1 | Q10: ='PILE-4B'!L26 -> 0 | R10: ='PILE-4C'!L23 -> 0 | S10: ='PILE-4D'!L27 -> 1
B11: SPUR 6 | D11: ='PILE-1A'!L28 -> 0 | E11: ='PILE-1B'!L28 -> 0 | F11: ='PILE-1C'!L28 -> 0 | G11: ='PILE-1D'!L24 -> 0 | H11: ='PILE-2A'!L28 -> 0 | I11: ='PILE-2B'!L28 -> 1 | J11: ='PILE-2C'!L28 -> 1 | K11: ='PILE-2D'!L28 -> 0 | L11: ='PILE-3A'!L25 -> 0 | M11: ='PILE-3B'!L28 -> 0 | N11: ='PILE-3C'!L28 -> 0 | O11: ='PILE-3D'!L26 -> 1 | P11: ='PILE-4A'!L28 -> 0 | Q11: ='PILE-4B'!L27 -> 1 | R11: ='PILE-4C'!L24 -> 0 | S11: ='PILE-4D'!L28 -> 0
B12: SPUR 7 | D12: ='PILE-1A'!L29 -> 0 | E12: ='PILE-1B'!L29 -> 0 | F12: ='PILE-1C'!L29 -> 0 | G12: ='PILE-1D'!L25 -> 0 | H12: ='PILE-2A'!L29 -> 0 | I12: ='PILE-2B'!L29 -> 0 | J12: ='PILE-2C'!L29 -> 0 | K12: ='PILE-2D'!L29 -> 0 | L12: ='PILE-3A'!L26 -> 0 | M12: ='PILE-3B'!L29 -> 0 | N12: ='PILE-3C'!L29 -> 0 | O12: ='PILE-3D'!L27 -> 0 | P12: ='PILE-4A'!L29 -> 0 | Q12: ='PILE-4B'!L28 -> 0 | R12: ='PILE-4C'!L25 -> 0 | S12: ='PILE-4D'!L29 -> 0
B13: SPUR 8 | D13: ='PILE-1A'!L30 -> 0 | E13: ='PILE-1B'!L30 -> 0 | F13: ='PILE-1C'!L30 -> 0 | G13: ='PILE-1D'!L26 -> 0 | H13: ='PILE-2A'!L30 -> 0 | I13: ='PILE-2B'!L30 -> 0 | J13: ='PILE-2C'!L30 -> 0 | K13: ='PILE-2D'!L30 -> 0 | L13: ='PILE-3A'!L27 -> 0 | M13: ='PILE-3B'!L30 -> 0 | N13: ='PILE-3C'!L30 -> 1 | O13: ='PILE-3D'!L28 -> 0 | P13: ='PILE-4A'!L30 -> 0 | Q13: ='PILE-4B'!L29 -> 0 | R13: ='PILE-4C'!L26 -> 0 | S13: ='PILE-4D'!L30 -> 1
B14: SPUR 9 | D14: ='PILE-1A'!L31 -> 0 | E14: ='PILE-1B'!L31 -> 1 | F14: ='PILE-1C'!L31 -> 0 | G14: ='PILE-1D'!L27 -> 0 | H14: ='PILE-2A'!L31 -> 0 | I14: ='PILE-2B'!L31 -> 0 | J14: ='PILE-2C'!L31 -> 0 | K14: ='PILE-2D'!L31 -> 0 | L14: ='PILE-3A'!L28 -> 0 | M14: ='PILE-3B'!L31 -> 0 | N14: ='PILE-3C'!L31 -> 0 | O14: ='PILE-3D'!L29 -> 0 | P14: ='PILE-4A'!L31 -> 0 | Q14: ='PILE-4B'!L30 -> 0 | R14: ='PILE-4C'!L27 -> 0 | S14: ='PILE-4D'!L31 -> 0
B15: SPUR 10 | D15: ='PILE-1A'!L32 -> 0 | E15: ='PILE-1B'!L32 -> 1 | F15: ='PILE-1C'!L32 -> 0 | G15: ='PILE-1D'!L28 -> 0 | H15: ='PILE-2A'!L32 -> 0 | I15: ='PILE-2B'!L32 -> 0 | J15: ='PILE-2C'!L32 -> 0 | K15: ='PILE-2D'!L32 -> 0 | L15: ='PILE-3A'!L29 -> 0 | M15: ='PILE-3B'!L32 -> 0 | N15: ='PILE-3C'!L32 -> 0 | O15: ='PILE-3D'!L30 -> 0 | P15: ='PILE-4A'!L32 -> 0 | Q15: ='PILE-4B'!L31 -> 0 | R15: ='PILE-4C'!L28 -> 0 | S15: ='PILE-4D'!L32 -> 0
B16: SILO | D16: ='PILE-1A'!L33 -> 1 | E16: ='PILE-1B'!L33 -> 0 | F16: ='PILE-1C'!L33 -> 1 | G16: ='PILE-1D'!L29 -> 0 | H16: ='PILE-2A'!L33 -> 0 | I16: ='PILE-2B'!L33 -> 1 | J16: ='PILE-2C'!L33 -> 0 | K16: ='PILE-2D'!L33 -> 0 | L16: ='PILE-3A'!L30 -> 1 | M16: ='PILE-3B'!L33 -> 0 | N16: ='PILE-3C'!L33 -> 1 | O16: ='PILE-3D'!L31 -> 0 | P16: ='PILE-4A'!L33 -> 1 | Q16: ='PILE-4B'!L32 -> 0 | R16: ='PILE-4C'!L29 -> 0 | S16: ='PILE-4D'!L33 -> 0
B17: DB | D17: ='PILE-1A'!L34 -> 0 | E17: ='PILE-1B'!L34 -> 0 | F17: ='PILE-1C'!L34 -> 0 | G17: ='PILE-1D'!L30 -> 0 | H17: ='PILE-2A'!L34 -> 0 | I17: ='PILE-2B'!L34 -> 0 | J17: ='PILE-2C'!L34 -> 0 | K17: ='PILE-2D'!L34 -> 0 | L17: ='PILE-3A'!L31 -> 0 | M17: ='PILE-3B'!L34 -> 0 | N17: ='PILE-3C'!L34 -> 0 | O17: ='PILE-3D'!L32 -> 0 | P17: ='PILE-4A'!L34 -> 0 | Q17: ='PILE-4B'!L33 -> 0 | R17: ='PILE-4C'!L30 -> 0 | S17: ='PILE-4D'!L34 -> 0
B18: COAL QUANTITY AND QUALITY PILEWISE
B19: PILE | C19: Total | D19: 1A | E19: 1B | F19: 1C | G19: 1D | H19: 2A | I19: 2B | J19: 2C | K19: 2D | L19: 3A | M19: 3B | N19: 3C | O19: 3D | P19: 4A | Q19: 4B | R19: 4C | S19: 4D | T19: WT | U19: total
B20: ='PILE-1A'!J23 -> AVILABLE QUANITY | C20: =U20 -> 283495 | D20: =IFERROR('PILE-1A'!K23,"0") -> 21285 | E20: =IFERROR('PILE-1B'!K23,"0") -> 29383 | F20: =IFERROR('PILE-1C'!K23,"0") -> 17196 | G20: =IFERROR('PILE-1D'!K19,"0") -> 25426 | H20: =IFERROR('PILE-2A'!K23,"0") -> 7950 | I20: =IFERROR('PILE-2B'!K23,"0") -> 8405 | J20: =IFERROR('PILE-2C'!K23,"0") -> 25269 | K20: =IFERROR('PILE-2D'!K23,"0") -> 7506 | L20: =IFERROR('PILE-3A'!K20,"0") -> 10277 | M20: =IFERROR('PILE-3B'!K23,"0") -> 10408 | N20: =IFERROR('PILE-3C'!K23,"0") -> 12014 | O20: =IFERROR('PILE-3D'!K21,"0") -> 21625 | P20: =IFERROR('PILE-4A'!K23,"0") -> 21474 | Q20: =IFERROR('PILE-4B'!K22,"0") -> 17640 | R20: =IFERROR('PILE-4C'!K19,"0") -> 20399 | S20: =IFERROR('PILE-4D'!K23,"0") -> 19238 | T20: 8000 | U20: =SUM(D20:T20) -> 283495
B21: ='PILE-1A'!J24 -> PILE WTD GCV | C21: =U21 -> 3258.9516 | D21: =IFERROR('PILE-1A'!K24,"0") -> 3272.715 | E21: =IFERROR('PILE-1B'!K24,"0") -> 2972.2111 | F21: =IFERROR('PILE-1C'!K24,"0") -> 3520.836 | G21: =IFERROR('PILE-1D'!K20,"0") -> 3465.2719 | H21: =IFERROR('PILE-2A'!K24,"0") -> 2654.5665 | I21: =IFERROR('PILE-2B'!K24,"0") -> 3317.6894 | J21: =IFERROR('PILE-2C'!K24,"0") -> 3196.7346 | K21: =IFERROR('PILE-2D'!K24,"0") -> 3637 | L21: =IFERROR('PILE-3A'!K21,"0") -> 3090.8703 | M21: =IFERROR('PILE-3B'!K24,"0") -> 3066.3381 | N21: =IFERROR('PILE-3C'!K24,"0") -> 3102.4667 | O21: =IFERROR('PILE-3D'!K22,"0") -> 3249.6039 | P21: =IFERROR('PILE-4A'!K24,"0") -> 3146.0397 | Q21: =IFERROR('PILE-4B'!K23,"0") -> 3439.3415 | R21: =IFERROR('PILE-4C'!K20,"0") -> 3507.6797 | S21: =IFERROR('PILE-4D'!K24,"0") -> 3356.8523 | T21: 3200 | U21: =SUMPRODUCT(D20:T20,D21:T21)/U20 -> 3258.9516
B22: ='PILE-1A'!J25 -> TOP GCV | C22: =U22 -> 3296.1906 | D22: =IFERROR('PILE-1A'!K25,"0") -> 3409.9234 | E22: =IFERROR('PILE-1B'!K25,"0") -> 3042.5866 | F22: =IFERROR('PILE-1C'!K25,"0") -> 3501.7591 | G22: =IFERROR('PILE-1D'!K21,"0") -> 3528.6696 | H22: =IFERROR('PILE-2A'!K25,"0") -> 0 | I22: =IFERROR('PILE-2B'!K25,"0") -> 0 | J22: =IFERROR('PILE-2C'!K25,"0") -> 3323.8239 | K22: =IFERROR('PILE-2D'!K25,"0") -> 0 | L22: =IFERROR('PILE-3A'!K22,"0") -> 0 | M22: =IFERROR('PILE-3B'!K25,"0") -> 3173 | N22: =IFERROR('PILE-3C'!K25,"0") -> 3153 | O22: =IFERROR('PILE-3D'!K23,"0") -> 3301.3502 | P22: =IFERROR('PILE-4A'!K25,"0") -> 3079.3618 | Q22: =IFERROR('PILE-4B'!K24,"0") -> 3544.9722 | R22: =IFERROR('PILE-4C'!K21,"0") -> 3337.5721 | S22: =IFERROR('PILE-4D'!K25,"0") -> 3248 | T22: 3200 | U22: =SUMPRODUCT(D22:T22,D23:T23)/U23 -> 3296.1906
B23: ='PILE-1A'!J26 -> TOP QNTY | C23: =U23 -> 115262 | D23: =IFERROR('PILE-1A'!K26,"0") -> 10140 | E23: =IFERROR('PILE-1B'!K26,"0") -> 21723 | F23: =IFERROR('PILE-1C'!K26,"0") -> 10680 | G23: =IFERROR('PILE-1D'!K22,"0") -> 14369 | H23: =IFERROR('PILE-2A'!K26,"0") -> 0 | I23: =IFERROR('PILE-2B'!K26,"0") -> 0 | J23: =IFERROR('PILE-2C'!K26,"0") -> 8800 | K23: =IFERROR('PILE-2D'!K26,"0") -> 0 | L23: =IFERROR('PILE-3A'!K23,"0") -> 0 | M23: =IFERROR('PILE-3B'!K26,"0") -> 3032 | N23: =IFERROR('PILE-3C'!K26,"0") -> 3348 | O23: =IFERROR('PILE-3D'!K24,"0") -> 10173 | P23: =IFERROR('PILE-4A'!K26,"0") -> 12261 | Q23: =IFERROR('PILE-4B'!K25,"0") -> 9297 | R23: =IFERROR('PILE-4C'!K22,"0") -> 5202 | S23: =IFERROR('PILE-4D'!K26,"0") -> 2237 | T23: 4000 | U23: =SUM(D23:T23) -> 115262
B24: ='PILE-1A'!J27 -> BOTTOM GCV | C24: =U24 -> 3234.2522 | D24: =IFERROR('PILE-1A'!K27,"0") -> 3147.8794 | E24: =IFERROR('PILE-1B'!K27,"0") -> 2772.6332 | F24: =IFERROR('PILE-1C'!K27,"0") -> 3552.1039 | G24: =IFERROR('PILE-1D'!K23,"0") -> 3382.8842 | H24: =IFERROR('PILE-2A'!K27,"0") -> 2654.5665 | I24: =IFERROR('PILE-2B'!K27,"0") -> 3317.6894 | J24: =IFERROR('PILE-2C'!K27,"0") -> 3128.8261 | K24: =IFERROR('PILE-2D'!K27,"0") -> 3637 | L24: =IFERROR('PILE-3A'!K24,"0") -> 3090.8703 | M24: =IFERROR('PILE-3B'!K27,"0") -> 3022.4934 | N24: =IFERROR('PILE-3C'!K27,"0") -> 3082.9437 | O24: =IFERROR('PILE-3D'!K25,"0") -> 3203.6368 | P24: =IFERROR('PILE-4A'!K27,"0") -> 3234.7771 | Q24: =IFERROR('PILE-4B'!K26,"0") -> 3321.6321 | R24: =IFERROR('PILE-4C'!K23,"0") -> 3565.9083 | S24: =IFERROR('PILE-4D'!K27,"0") -> 3371.1751 | T24: 3200 | U24: =SUMPRODUCT(D24:S24,D25:S25)/U25 -> 3234.2522
B25: ='PILE-1A'!J28 -> BOTTOM QNTY | C25: =U25 -> 164233 | D25: =IFERROR('PILE-1A'!K28,"0") -> 11145 | E25: =IFERROR('PILE-1B'!K28,"0") -> 7660 | F25: =IFERROR('PILE-1C'!K28,"0") -> 6516 | G25: =IFERROR('PILE-1D'!K24,"0") -> 11057 | H25: =IFERROR('PILE-2A'!K28,"0") -> 7950 | I25: =IFERROR('PILE-2B'!K28,"0") -> 8405 | J25: =IFERROR('PILE-2C'!K28,"0") -> 16469 | K25: =IFERROR('PILE-2D'!K28,"0") -> 7506 | L25: =IFERROR('PILE-3A'!K25,"0") -> 10277 | M25: =IFERROR('PILE-3B'!K28,"0") -> 7376 | N25: =IFERROR('PILE-3C'!K28,"0") -> 8666 | O25: =IFERROR('PILE-3D'!K26,"0") -> 11452 | P25: =IFERROR('PILE-4A'!K28,"0") -> 9213 | Q25: =IFERROR('PILE-4B'!K27,"0") -> 8343 | R25: =IFERROR('PILE-4C'!K24,"0") -> 15197 | S25: =IFERROR('PILE-4D'!K28,"0") -> 17001 | T25: 4000 | U25: =SUM(D25:S25) -> 164233
B26: ='PILE-1A'!J29 -> MAX AGING | C26: =U26 -> 141 | D26: =IFERROR('PILE-1A'!K29,"0") -> 109 | E26: =IFERROR('PILE-1B'!K29,"0") -> 141 | F26: =IFERROR('PILE-1C'!K29,"0") -> 105 | G26: =IFERROR('PILE-1D'!K25,"0") -> 102 | H26: =IFERROR('PILE-2A'!K29,"0") -> 67 | I26: =IFERROR('PILE-2B'!K29,"0") -> 65 | J26: =IFERROR('PILE-2C'!K29,"0") -> 114 | K26: =IFERROR('PILE-2D'!K29,"0") -> 64 | L26: =IFERROR('PILE-3A'!K26,"0") -> 133 | M26: =IFERROR('PILE-3B'!K29,"0") -> 136 | N26: =IFERROR('PILE-3C'!K29,"0") -> 69 | O26: =IFERROR('PILE-3D'!K27,"0") -> 73 | P26: =IFERROR('PILE-4A'!K29,"0") -> 114 | Q26: =IFERROR('PILE-4B'!K28,"0") -> 113 | R26: =IFERROR('PILE-4C'!K25,"0") -> 103 | S26: =IFERROR('PILE-4D'!K29,"0") -> 100 | T26: 0 | U26: =MAX(D26:T26) -> 141
B27: ='PILE-1A'!J30 -> AVERAGE AGING | C27: =U27 -> 85.52479 | D27: =IFERROR('PILE-1A'!K30,"0") -> 98.166667 | E27: =IFERROR('PILE-1B'!K30,"0") -> 99.1 | F27: =IFERROR('PILE-1C'!K30,"0") -> 98.333333 | G27: =IFERROR('PILE-1D'!K26,"0") -> 94 | H27: =IFERROR('PILE-2A'!K30,"0") -> 65.5 | I27: =IFERROR('PILE-2B'!K30,"0") -> 64.5 | J27: =IFERROR('PILE-2C'!K30,"0") -> 95.75 | K27: =IFERROR('PILE-2D'!K30,"0") -> 63.5 | L27: =IFERROR('PILE-3A'!K27,"0") -> 115.33333 | M27: =IFERROR('PILE-3B'!K30,"0") -> 134.8 | N27: =IFERROR('PILE-3C'!K30,"0") -> 68 | O27: =IFERROR('PILE-3D'!K28,"0") -> 70.666667 | P27: =IFERROR('PILE-4A'!K30,"0") -> 86.5 | Q27: =IFERROR('PILE-4B'!K29,"0") -> 103.6 | R27: =IFERROR('PILE-4C'!K26,"0") -> 100.57143 | S27: =IFERROR('PILE-4D'!K30,"0") -> 95.6 | T27: 0 | U27: =AVERAGE(D27:T27) -> 85.52479
B28: ='PILE-1A'!J31 -> >3500 | C28: =U28 -> 89439 | D28: =IFERROR('PILE-1A'!K31,"0") -> 6801 | E28: =IFERROR('PILE-1B'!K31,"0") -> 0 | F28: =IFERROR('PILE-1C'!K31,"0") -> 13524 | G28: =IFERROR('PILE-1D'!K27,"0") -> 13719 | H28: =IFERROR('PILE-2A'!K31,"0") -> 0 | I28: =IFERROR('PILE-2B'!K31,"0") -> 0 | J28: =IFERROR('PILE-2C'!K31,"0") -> 8469 | K28: =IFERROR('PILE-2D'!K31,"0") -> 7506 | L28: =IFERROR('PILE-3A'!K28,"0") -> 0 | M28: =IFERROR('PILE-3B'!K31,"0") -> 0 | N28: =IFERROR('PILE-3C'!K31,"0") -> 0 | O28: =IFERROR('PILE-3D'!K29,"0") -> 6529 | P28: =IFERROR('PILE-4A'!K31,"0") -> 2453 | Q28: =IFERROR('PILE-4B'!K30,"0") -> 5817 | R28: =IFERROR('PILE-4C'!K27,"0") -> 9087 | S28: =IFERROR('PILE-4D'!K31,"0") -> 7534 | T28: 8000 | U28: =SUM(D28:T28) -> 89439 | W28: =C28/C20 -> 0.31548705
B29: ='PILE-1A'!J32 -> 3100-3500 | C29: =U29 -> 134412 | D29: =IFERROR('PILE-1A'!K32,"0") -> 6477 | E29: =IFERROR('PILE-1B'!K32,"0") -> 8163 | F29: =IFERROR('PILE-1C'!K32,"0") -> 3672 | G29: =IFERROR('PILE-1D'!K28,"0") -> 10350 | H29: =IFERROR('PILE-2A'!K32,"0") -> 0 | I29: =IFERROR('PILE-2B'!K32,"0") -> 8405 | J29: =IFERROR('PILE-2C'!K32,"0") -> 3200 | K29: =IFERROR('PILE-2D'!K32,"0") -> 0 | L29: =IFERROR('PILE-3A'!K29,"0") -> 7144 | M29: =IFERROR('PILE-3B'!K32,"0") -> 6868 | N29: =IFERROR('PILE-3C'!K32,"0") -> 8364 | O29: =IFERROR('PILE-3D'!K30,"0") -> 7110 | P29: =IFERROR('PILE-4A'!K32,"0") -> 12620 | Q29: =IFERROR('PILE-4B'!K31,"0") -> 11823 | R29: =IFERROR('PILE-4C'!K28,"0") -> 11312 | S29: =IFERROR('PILE-4D'!K32,"0") -> 7304 | T29: =WT!K46 -> 21600 | U29: =SUM(D29:T29) -> 134412 | W29: =C29/C20 -> 0.47412476
B30: ='PILE-1A'!J33 -> <3100 | C30: =U30 -> 81244 | D30: =IFERROR('PILE-1A'!K33,"0") -> 8007 | E30: =IFERROR('PILE-1B'!K33,"0") -> 21220 | F30: =IFERROR('PILE-1C'!K33,"0") -> 0 | G30: =IFERROR('PILE-1D'!K29,"0") -> 1357 | H30: =IFERROR('PILE-2A'!K33,"0") -> 7950 | I30: =IFERROR('PILE-2B'!K33,"0") -> 0 | J30: =IFERROR('PILE-2C'!K33,"0") -> 13600 | K30: =IFERROR('PILE-2D'!K33,"0") -> 0 | L30: =IFERROR('PILE-3A'!K30,"0") -> 3133 | M30: =IFERROR('PILE-3B'!K33,"0") -> 3540 | N30: =IFERROR('PILE-3C'!K33,"0") -> 3650 | O30: =IFERROR('PILE-3D'!K31,"0") -> 7986 | P30: =IFERROR('PILE-4A'!K33,"0") -> 6401 | Q30: =IFERROR('PILE-4B'!K32,"0") -> 0 | R30: =IFERROR('PILE-4C'!K29,"0") -> 0 | S30: =IFERROR('PILE-4D'!K33,"0") -> 4400 | T30: =WT!K47 -> 0 | U30: =SUM(D30:T30) -> 81244 | W30: =C30/C20 -> 0.28658001
B31: LAST COAL RAKE GCV
B32: SPUR | C32: NO OF RAKES | D32: 1 | E32: 2 | F32: 3 | G32: 4 | H32: 5 | I32: 6 | J32: 7 | K32: 8 | L32: 9 | M32: 10 | N32: SILO | O32: DB
B33: LAST RAKE AVG GCV | C33: 10 | D33: ='RAKE GCV '!AF1 -> 3008.1975 | E33: ='RAKE GCV '!AG1 -> 2907.2236 | F33: ='RAKE GCV '!AH1 -> 2861.7378 | G33: ='RAKE GCV '!AI1 -> 2894.5166 | H33: ='RAKE GCV '!AJ1 -> 3602.6717 | I33: ='RAKE GCV '!AK1 -> 3403.274 | J33: ='RAKE GCV '!AL1 -> 3117.3581 | K33: ='RAKE GCV '!AM1 -> 3025.371 | ... O33: ='RAKE GCV '!AQ1 -> 3111.93

Sheet RAKE GCV 
A1: Sl. No. | B1: Sample Collection Date | C1: Rake_No | D1: SIDING NO | E1: ARBG.C.V-k.cal/kg | F1: 1 | G1: 2 | H1: 3 | I1: 4 | J1: 5 | K1: 6 | L1: 7 | M1: 8 | N1: 9 | O1: 10 | P1: SILO | Q1: DB | AF1: =AVERAGEIF((AF2:AF1362),">0") -> 3008.1975 | AG1: =AVERAGEIF((AG2:AG1362),">0") -> 2907.2236 | AH1: =AVERAGEIF((AH2:AH1362),">0") -> 2861.7378 | AI1: =AVERAGEIF((AI2:AI1362),">0") -> 2894.5166 | AJ1: =AVERAGEIF((AJ2:AJ1362),">0") -> 3602.6717 | AK1: =AVERAGEIF((AK2:AK1362),">0") -> 3403.274 | AL1: =AVERAGEIF((AL2:AL1362),">0") -> 3117.3581 | AM1: =AVERAGEIF((AM2:AM1362),">0") -> 3025.371 | ... AQ1: =AVERAGEIF((AQ2:AQ1362),">0") -> 3111.93 | AT1: ='summery '!C33 -> 10
A2: 1 | B2: 01.03.2024 | C2: MGBK-01 | D2: SPUR-06 | E2: 3207.2522 | F2: =IF(D2="SPUR-01",E2,0) -> 0 | G2: =IF(D2="SPUR-02",E2,0) -> 0 | H2: =IF(D2="SPUR-03",E2,0) -> 0 | I2: =IF(D2="SPUR-04",E2,0) -> 0 | J2: =IF(D2="SPUR-05",E2,0) -> 0 | K2: =IF(D2="SPUR-06",E2,0) -> 3207.2522 | L2: =IF(D2="SPUR-07",E2,0) -> 0 | M2: =IF(D2="SPUR-08",E2,0) -> 0 | N2: =IF(D2="SPUR-09",E2,0) -> 0 | O2: =IF(D2="SPUR-10",E2,0) -> 0 | P2: =IF(D2="SPUR-SILO",E2,0) -> 0 | Q2: =IF(D2="SPUR-DB",E2,0) -> 0 | S2: =IF(F2>0,1,0)+S3 -> 58 | T2: =IF(G2>0,1,0)+T3 -> 39 | U2: =IF(H2>0,1,0)+U3 -> 42 | V2: =IF(I2>0,1,0)+V3 -> 49 | W2: =IF(J2>0,1,0)+W3 -> 133 | X2: =IF(K2>0,1,0)+X3 -> 130 | Y2: =IF(L2>0,1,0)+Y3 -> 59 | Z2: =IF(M2>0,1,0)+Z3 -> 45 | ... AD2: =IF(Q2>0,1,0)+AD3 -> 46 | AF2: =IF(S2<=$AT$1,F2,0) -> 0 | AG2: =IF(T2<=$AT$1,G2,0) -> 0 | AH2: =IF(U2<=$AT$1,H2,0) -> 0 | AI2: =IF(V2<=$AT$1,I2,0) -> 0 | AJ2: =IF(W2<=$AT$1,J2,0) -> 0 | AK2: =IF(X2<=$AT$1,K2,0) -> 0 | AL2: =IF(Y2<=$AT$1,L2,0) -> 0 | AM2: =IF(Z2<=$AT$1,M2,0) -> 0 | ... AQ2: =IF(AD2<=$AT$1,Q2,0) -> 0
A3: 2 | B3: 02.03.2024 | C3: MGBK-02 | D3: SPUR-08 | E3: 3403.105 | F3: =IF(D3="SPUR-01",E3,0) -> 0 | G3: =IF(D3="SPUR-02",E3,0) -> 0 | H3: =IF(D3="SPUR-03",E3,0) -> 0 | I3: =IF(D3="SPUR-04",E3,0) -> 0 | J3: =IF(D3="SPUR-05",E3,0) -> 0 | K3: =IF(D3="SPUR-06",E3,0) -> 0 | L3: =IF(D3="SPUR-07",E3,0) -> 0 | M3: =IF(D3="SPUR-08",E3,0) -> 3403.105 | N3: =IF(D3="SPUR-09",E3,0) -> 0 | O3: =IF(D3="SPUR-10",E3,0) -> 0 | P3: =IF(D3="SPUR-SILO",E3,0) -> 0 | Q3: =IF(D3="SPUR-DB",E3,0) -> 0 | S3: =IF(F3>0,1,0)+S4 -> 58 | T3: =IF(G3>0,1,0)+T4 -> 39 | U3: =IF(H3>0,1,0)+U4 -> 42 | V3: =IF(I3>0,1,0)+V4 -> 49 | W3: =IF(J3>0,1,0)+W4 -> 133 | X3: =IF(K3>0,1,0)+X4 -> 129 | Y3: =IF(L3>0,1,0)+Y4 -> 59 | Z3: =IF(M3>0,1,0)+Z4 -> 45 | ... AD3: =IF(Q3>0,1,0)+AD4 -> 46 | AF3: =IF(S3<=$AT$1,F3,0) -> 0 | AG3: =IF(T3<=$AT$1,G3,0) -> 0 | AH3: =IF(U3<=$AT$1,H3,0) -> 0 | AI3: =IF(V3<=$AT$1,I3,0) -> 0 | AJ3: =IF(W3<=$AT$1,J3,0) -> 0 | AK3: =IF(X3<=$AT$1,K3,0) -> 0 | AL3: =IF(Y3<=$AT$1,L3,0) -> 0 | AM3: =IF(Z3<=$AT$1,M3,0) -> 0 | ... AQ3: =IF(AD3<=$AT$1,Q3,0) -> 0
A4: 3 | B4: 02.03.2024 | C4: MGBK-03 | D4: SPUR-DB | E4: 2979.6964 | F4: =IF(D4="SPUR-01",E4,0) -> 0 | G4: =IF(D4="SPUR-02",E4,0) -> 0 | H4: =IF(D4="SPUR-03",E4,0) -> 0 | I4: =IF(D4="SPUR-04",E4,0) -> 0 | J4: =IF(D4="SPUR-05",E4,0) -> 0 | K4: =IF(D4="SPUR-06",E4,0) -> 0 | L4: =IF(D4="SPUR-07",E4,0) -> 0 | M4: =IF(D4="SPUR-08",E4,0) -> 0 | N4: =IF(D4="SPUR-09",E4,0) -> 0 | O4: =IF(D4="SPUR-10",E4,0) -> 0 | P4: =IF(D4="SPUR-SILO",E4,0) -> 0 | Q4: =IF(D4="SPUR-DB",E4,0) -> 2979.6964 | S4: =IF(F4>0,1,0)+S5 -> 58 | T4: =IF(G4>0,1,0)+T5 -> 39 | U4: =IF(H4>0,1,0)+U5 -> 42 | V4: =IF(I4>0,1,0)+V5 -> 49 | W4: =IF(J4>0,1,0)+W5 -> 133 | X4: =IF(K4>0,1,0)+X5 -> 129 | Y4: =IF(L4>0,1,0)+Y5 -> 59 | Z4: =IF(M4>0,1,0)+Z5 -> 44 | ... AD4: =IF(Q4>0,1,0)+AD5 -> 46 | AF4: =IF(S4<=$AT$1,F4,0) -> 0 | AG4: =IF(T4<=$AT$1,G4,0) -> 0 | AH4: =IF(U4<=$AT$1,H4,0) -> 0 | AI4: =IF(V4<=$AT$1,I4,0) -> 0 | AJ4: =IF(W4<=$AT$1,J4,0) -> 0 | AK4: =IF(X4<=$AT$1,K4,0) -> 0 | AL4: =IF(Y4<=$AT$1,L4,0) -> 0 | AM4: =IF(Z4<=$AT$1,M4,0) -> 0 | ... AQ4: =IF(AD4<=$AT$1,Q4,0) -> 0
A5: 4 | B5: 02.03.2024 | C5: MGBK-04 | D5: SPUR-05 | E5: 3309 | F5: =IF(D5="SPUR-01",E5,0) -> 0 | G5: =IF(D5="SPUR-02",E5,0) -> 0 | H5: =IF(D5="SPUR-03",E5,0) -> 0 | I5: =IF(D5="SPUR-04",E5,0) -> 0 | J5: =IF(D5="SPUR-05",E5,0) -> 3309 | K5: =IF(D5="SPUR-06",E5,0) -> 0 | L5: =IF(D5="SPUR-07",E5,0) -> 0 | M5: =IF(D5="SPUR-08",E5,0) -> 0 | N5: =IF(D5="SPUR-09",E5,0) -> 0 | O5: =IF(D5="SPUR-10",E5,0) -> 0 | P5: =IF(D5="SPUR-SILO",E5,0) -> 0 | Q5: =IF(D5="SPUR-DB",E5,0) -> 0 | S5: =IF(F5>0,1,0)+S6 -> 58 | T5: =IF(G5>0,1,0)+T6 -> 39 | U5: =IF(H5>0,1,0)+U6 -> 42 | V5: =IF(I5>0,1,0)+V6 -> 49 | W5: =IF(J5>0,1,0)+W6 -> 133 | X5: =IF(K5>0,1,0)+X6 -> 129 | Y5: =IF(L5>0,1,0)+Y6 -> 59 | Z5: =IF(M5>0,1,0)+Z6 -> 44 | ... AD5: =IF(Q5>0,1,0)+AD6 -> 45 | AF5: =IF(S5<=$AT$1,F5,0) -> 0 | AG5: =IF(T5<=$AT$1,G5,0) -> 0 | AH5: =IF(U5<=$AT$1,H5,0) -> 0 | AI5: =IF(V5<=$AT$1,I5,0) -> 0 | AJ5: =IF(W5<=$AT$1,J5,0) -> 0 | AK5: =IF(X5<=$AT$1,K5,0) -> 0 | AL5: =IF(Y5<=$AT$1,L5,0) -> 0 | AM5: =IF(Z5<=$AT$1,M5,0) -> 0 | ... AQ5: =IF(AD5<=$AT$1,Q5,0) -> 0
A6: 5 | B6: 02.03.2024 | C6: MGBK-05 | D6: SPUR-06 | E6: 3362 | F6: =IF(D6="SPUR-01",E6,0) -> 0 | G6: =IF(D6="SPUR-02",E6,0) -> 0 | H6: =IF(D6="SPUR-03",E6,0) -> 0 | I6: =IF(D6="SPUR-04",E6,0) -> 0 | J6: =IF(D6="SPUR-05",E6,0) -> 0 | K6: =IF(D6="SPUR-06",E6,0) -> 3362 | L6: =IF(D6="SPUR-07",E6,0) -> 0 | M6: =IF(D6="SPUR-08",E6,0) -> 0 | N6: =IF(D6="SPUR-09",E6,0) -> 0 | O6: =IF(D6="SPUR-10",E6,0) -> 0 | P6: =IF(D6="SPUR-SILO",E6,0) -> 0 | Q6: =IF(D6="SPUR-DB",E6,0) -> 0 | S6: =IF(F6>0,1,0)+S7 -> 58 | T6: =IF(G6>0,1,0)+T7 -> 39 | U6: =IF(H6>0,1,0)+U7 -> 42 | V6: =IF(I6>0,1,0)+V7 -> 49 | W6: =IF(J6>0,1,0)+W7 -> 132 | X6: =IF(K6>0,1,0)+X7 -> 129 | Y6: =IF(L6>0,1,0)+Y7 -> 59 | Z6: =IF(M6>0,1,0)+Z7 -> 44 | ... AD6: =IF(Q6>0,1,0)+AD7 -> 45 | AF6: =IF(S6<=$AT$1,F6,0) -> 0 | AG6: =IF(T6<=$AT$1,G6,0) -> 0 | AH6: =IF(U6<=$AT$1,H6,0) -> 0 | AI6: =IF(V6<=$AT$1,I6,0) -> 0 | AJ6: =IF(W6<=$AT$1,J6,0) -> 0 | AK6: =IF(X6<=$AT$1,K6,0) -> 0 | AL6: =IF(Y6<=$AT$1,L6,0) -> 0 | AM6: =IF(Z6<=$AT$1,M6,0) -> 0 | ... AQ6: =IF(AD6<=$AT$1,Q6,0) -> 0
A7: 6 | B7: 03.03.2024 | C7: MGBK-06 | D7: SPUR-05 | E7: 3144 | F7: =IF(D7="SPUR-01",E7,0) -> 0 | G7: =IF(D7="SPUR-02",E7,0) -> 0 | H7: =IF(D7="SPUR-03",E7,0) -> 0 | I7: =IF(D7="SPUR-04",E7,0) -> 0 | J7: =IF(D7="SPUR-05",E7,0) -> 3144 | K7: =IF(D7="SPUR-06",E7,0) -> 0 | L7: =IF(D7="SPUR-07",E7,0) -> 0 | M7: =IF(D7="SPUR-08",E7,0) -> 0 | N7: =IF(D7="SPUR-09",E7,0) -> 0 | O7: =IF(D7="SPUR-10",E7,0) -> 0 | P7: =IF(D7="SPUR-SILO",E7,0) -> 0 | Q7: =IF(D7="SPUR-DB",E7,0) -> 0 | S7: =IF(F7>0,1,0)+S8 -> 58 | T7: =IF(G7>0,1,0)+T8 -> 39 | U7: =IF(H7>0,1,0)+U8 -> 42 | V7: =IF(I7>0,1,0)+V8 -> 49 | W7: =IF(J7>0,1,0)+W8 -> 132 | X7: =IF(K7>0,1,0)+X8 -> 128 | Y7: =IF(L7>0,1,0)+Y8 -> 59 | Z7: =IF(M7>0,1,0)+Z8 -> 44 | ... AD7: =IF(Q7>0,1,0)+AD8 -> 45 | AF7: =IF(S7<=$AT$1,F7,0) -> 0 | AG7: =IF(T7<=$AT$1,G7,0) -> 0 | AH7: =IF(U7<=$AT$1,H7,0) -> 0 | AI7: =IF(V7<=$AT$1,I7,0) -> 0 | AJ7: =IF(W7<=$AT$1,J7,0) -> 0 | AK7: =IF(X7<=$AT$1,K7,0) -> 0 | AL7: =IF(Y7<=$AT$1,L7,0) -> 0 | AM7: =IF(Z7<=$AT$1,M7,0) -> 0 | ... AQ7: =IF(AD7<=$AT$1,Q7,0) -> 0
A8: 7 | B8: 03.03.2024 | C8: MGBK-07 | D8: SPUR-06 | E8: 3295 | F8: =IF(D8="SPUR-01",E8,0) -> 0 | G8: =IF(D8="SPUR-02",E8,0) -> 0 | H8: =IF(D8="SPUR-03",E8,0) -> 0 | I8: =IF(D8="SPUR-04",E8,0) -> 0 | J8: =IF(D8="SPUR-05",E8,0) -> 0 | K8: =IF(D8="SPUR-06",E8,0) -> 3295 | L8: =IF(D8="SPUR-07",E8,0) -> 0 | M8: =IF(D8="SPUR-08",E8,0) -> 0 | N8: =IF(D8="SPUR-09",E8,0) -> 0 | O8: =IF(D8="SPUR-10",E8,0) -> 0 | P8: =IF(D8="SPUR-SILO",E8,0) -> 0 | Q8: =IF(D8="SPUR-DB",E8,0) -> 0 | S8: =IF(F8>0,1,0)+S9 -> 58 | T8: =IF(G8>0,1,0)+T9 -> 39 | U8: =IF(H8>0,1,0)+U9 -> 42 | V8: =IF(I8>0,1,0)+V9 -> 49 | W8: =IF(J8>0,1,0)+W9 -> 131 | X8: =IF(K8>0,1,0)+X9 -> 128 | Y8: =IF(L8>0,1,0)+Y9 -> 59 | Z8: =IF(M8>0,1,0)+Z9 -> 44 | ... AD8: =IF(Q8>0,1,0)+AD9 -> 45 | AF8: =IF(S8<=$AT$1,F8,0) -> 0 | AG8: =IF(T8<=$AT$1,G8,0) -> 0 | AH8: =IF(U8<=$AT$1,H8,0) -> 0 | AI8: =IF(V8<=$AT$1,I8,0) -> 0 | AJ8: =IF(W8<=$AT$1,J8,0) -> 0 | AK8: =IF(X8<=$AT$1,K8,0) -> 0 | AL8: =IF(Y8<=$AT$1,L8,0) -> 0 | AM8: =IF(Z8<=$AT$1,M8,0) -> 0 | ... AQ8: =IF(AD8<=$AT$1,Q8,0) -> 0
A9: 8 | B9: 03.03.2024 | C9: MGBK-08 | D9: SPUR-08 | E9: 2612 | F9: =IF(D9="SPUR-01",E9,0) -> 0 | G9: =IF(D9="SPUR-02",E9,0) -> 0 | H9: =IF(D9="SPUR-03",E9,0) -> 0 | I9: =IF(D9="SPUR-04",E9,0) -> 0 | J9: =IF(D9="SPUR-05",E9,0) -> 0 | K9: =IF(D9="SPUR-06",E9,0) -> 0 | L9: =IF(D9="SPUR-07",E9,0) -> 0 | M9: =IF(D9="SPUR-08",E9,0) -> 2612 | N9: =IF(D9="SPUR-09",E9,0) -> 0 | O9: =IF(D9="SPUR-10",E9,0) -> 0 | P9: =IF(D9="SPUR-SILO",E9,0) -> 0 | Q9: =IF(D9="SPUR-DB",E9,0) -> 0 | S9: =IF(F9>0,1,0)+S10 -> 58 | T9: =IF(G9>0,1,0)+T10 -> 39 | U9: =IF(H9>0,1,0)+U10 -> 42 | V9: =IF(I9>0,1,0)+V10 -> 49 | W9: =IF(J9>0,1,0)+W10 -> 131 | X9: =IF(K9>0,1,0)+X10 -> 127 | Y9: =IF(L9>0,1,0)+Y10 -> 59 | Z9: =IF(M9>0,1,0)+Z10 -> 44 | ... AD9: =IF(Q9>0,1,0)+AD10 -> 45 | AF9: =IF(S9<=$AT$1,F9,0) -> 0 | AG9: =IF(T9<=$AT$1,G9,0) -> 0 | AH9: =IF(U9<=$AT$1,H9,0) -> 0 | AI9: =IF(V9<=$AT$1,I9,0) -> 0 | AJ9: =IF(W9<=$AT$1,J9,0) -> 0 | AK9: =IF(X9<=$AT$1,K9,0) -> 0 | AL9: =IF(Y9<=$AT$1,L9,0) -> 0 | AM9: =IF(Z9<=$AT$1,M9,0) -> 0 | ... AQ9: =IF(AD9<=$AT$1,Q9,0) -> 0
A10: 9 | B10: 03.03.2024 | C10: MGBK-09 | D10: SPUR-04 | E10: 3391 | F10: =IF(D10="SPUR-01",E10,0) -> 0 | G10: =IF(D10="SPUR-02",E10,0) -> 0 | H10: =IF(D10="SPUR-03",E10,0) -> 0 | I10: =IF(D10="SPUR-04",E10,0) -> 3391 | J10: =IF(D10="SPUR-05",E10,0) -> 0 | K10: =IF(D10="SPUR-06",E10,0) -> 0 | L10: =IF(D10="SPUR-07",E10,0) -> 0 | M10: =IF(D10="SPUR-08",E10,0) -> 0 | N10: =IF(D10="SPUR-09",E10,0) -> 0 | O10: =IF(D10="SPUR-10",E10,0) -> 0 | P10: =IF(D10="SPUR-SILO",E10,0) -> 0 | Q10: =IF(D10="SPUR-DB",E10,0) -> 0 | S10: =IF(F10>0,1,0)+S11 -> 58 | T10: =IF(G10>0,1,0)+T11 -> 39 | U10: =IF(H10>0,1,0)+U11 -> 42 | V10: =IF(I10>0,1,0)+V11 -> 49 | W10: =IF(J10>0,1,0)+W11 -> 131 | X10: =IF(K10>0,1,0)+X11 -> 127 | Y10: =IF(L10>0,1,0)+Y11 -> 59 | Z10: =IF(M10>0,1,0)+Z11 -> 43 | ... AD10: =IF(Q10>0,1,0)+AD11 -> 45 | AF10: =IF(S10<=$AT$1,F10,0) -> 0 | AG10: =IF(T10<=$AT$1,G10,0) -> 0 | AH10: =IF(U10<=$AT$1,H10,0) -> 0 | AI10: =IF(V10<=$AT$1,I10,0) -> 0 | AJ10: =IF(W10<=$AT$1,J10,0) -> 0 | AK10: =IF(X10<=$AT$1,K10,0) -> 0 | AL10: =IF(Y10<=$AT$1,L10,0) -> 0 | AM10: =IF(Z10<=$AT$1,M10,0) -> 0 | ... AQ10: =IF(AD10<=$AT$1,Q10,0) -> 0
A11: 10 | B11: 04.03.2024 | C11: MGBK-11 | D11: SPUR-SILO | E11: 3165 | F11: =IF(D11="SPUR-01",E11,0) -> 0 | G11: =IF(D11="SPUR-02",E11,0) -> 0 | H11: =IF(D11="SPUR-03",E11,0) -> 0 | I11: =IF(D11="SPUR-04",E11,0) -> 0 | J11: =IF(D11="SPUR-05",E11,0) -> 0 | K11: =IF(D11="SPUR-06",E11,0) -> 0 | L11: =IF(D11="SPUR-07",E11,0) -> 0 | M11: =IF(D11="SPUR-08",E11,0) -> 0 | N11: =IF(D11="SPUR-09",E11,0) -> 0 | O11: =IF(D11="SPUR-10",E11,0) -> 0 | P11: =IF(D11="SPUR-SILO",E11,0) -> 3165 | Q11: =IF(D11="SPUR-DB",E11,0) -> 0 | S11: =IF(F11>0,1,0)+S12 -> 58 | T11: =IF(G11>0,1,0)+T12 -> 39 | U11: =IF(H11>0,1,0)+U12 -> 42 | V11: =IF(I11>0,1,0)+V12 -> 48 | W11: =IF(J11>0,1,0)+W12 -> 131 | X11: =IF(K11>0,1,0)+X12 -> 127 | Y11: =IF(L11>0,1,0)+Y12 -> 59 | Z11: =IF(M11>0,1,0)+Z12 -> 43 | ... AD11: =IF(Q11>0,1,0)+AD12 -> 45 | AF11: =IF(S11<=$AT$1,F11,0) -> 0 | AG11: =IF(T11<=$AT$1,G11,0) -> 0 | AH11: =IF(U11<=$AT$1,H11,0) -> 0 | AI11: =IF(V11<=$AT$1,I11,0) -> 0 | AJ11: =IF(W11<=$AT$1,J11,0) -> 0 | AK11: =IF(X11<=$AT$1,K11,0) -> 0 | AL11: =IF(Y11<=$AT$1,L11,0) -> 0 | AM11: =IF(Z11<=$AT$1,M11,0) -> 0 | ... AQ11: =IF(AD11<=$AT$1,Q11,0) -> 0
A12: 11 | B12: 04.03.2024 | C12: NMGBK-10 | D12: SPUR-06 | E12: 3770 | F12: =IF(D12="SPUR-01",E12,0) -> 0 | G12: =IF(D12="SPUR-02",E12,0) -> 0 | H12: =IF(D12="SPUR-03",E12,0) -> 0 | I12: =IF(D12="SPUR-04",E12,0) -> 0 | J12: =IF(D12="SPUR-05",E12,0) -> 0 | K12: =IF(D12="SPUR-06",E12,0) -> 3770 | L12: =IF(D12="SPUR-07",E12,0) -> 0 | M12: =IF(D12="SPUR-08",E12,0) -> 0 | N12: =IF(D12="SPUR-09",E12,0) -> 0 | O12: =IF(D12="SPUR-10",E12,0) -> 0 | P12: =IF(D12="SPUR-SILO",E12,0) -> 0 | Q12: =IF(D12="SPUR-DB",E12,0) -> 0 | S12: =IF(F12>0,1,0)+S13 -> 58 | T12: =IF(G12>0,1,0)+T13 -> 39 | U12: =IF(H12>0,1,0)+U13 -> 42 | V12: =IF(I12>0,1,0)+V13 -> 48 | W12: =IF(J12>0,1,0)+W13 -> 131 | X12: =IF(K12>0,1,0)+X13 -> 127 | Y12: =IF(L12>0,1,0)+Y13 -> 59 | Z12: =IF(M12>0,1,0)+Z13 -> 43 | ... AD12: =IF(Q12>0,1,0)+AD13 -> 45 | AF12: =IF(S12<=$AT$1,F12,0) -> 0 | AG12: =IF(T12<=$AT$1,G12,0) -> 0 | AH12: =IF(U12<=$AT$1,H12,0) -> 0 | AI12: =IF(V12<=$AT$1,I12,0) -> 0 | AJ12: =IF(W12<=$AT$1,J12,0) -> 0 | AK12: =IF(X12<=$AT$1,K12,0) -> 0 | AL12: =IF(Y12<=$AT$1,L12,0) -> 0 | AM12: =IF(Z12<=$AT$1,M12,0) -> 0 | ... AQ12: =IF(AD12<=$AT$1,Q12,0) -> 0
A13: 12 | B13: 04.03.2024 | C13: MGBK-13 | D13: SPUR-04 | E13: 3346 | F13: =IF(D13="SPUR-01",E13,0) -> 0 | G13: =IF(D13="SPUR-02",E13,0) -> 0 | H13: =IF(D13="SPUR-03",E13,0) -> 0 | I13: =IF(D13="SPUR-04",E13,0) -> 3346 | J13: =IF(D13="SPUR-05",E13,0) -> 0 | K13: =IF(D13="SPUR-06",E13,0) -> 0 | L13: =IF(D13="SPUR-07",E13,0) -> 0 | M13: =IF(D13="SPUR-08",E13,0) -> 0 | N13: =IF(D13="SPUR-09",E13,0) -> 0 | O13: =IF(D13="SPUR-10",E13,0) -> 0 | P13: =IF(D13="SPUR-SILO",E13,0) -> 0 | Q13: =IF(D13="SPUR-DB",E13,0) -> 0 | S13: =IF(F13>0,1,0)+S14 -> 58 | T13: =IF(G13>0,1,0)+T14 -> 39 | U13: =IF(H13>0,1,0)+U14 -> 42 | V13: =IF(I13>0,1,0)+V14 -> 48 | W13: =IF(J13>0,1,0)+W14 -> 131 | X13: =IF(K13>0,1,0)+X14 -> 126 | Y13: =IF(L13>0,1,0)+Y14 -> 59 | Z13: =IF(M13>0,1,0)+Z14 -> 43 | ... AD13: =IF(Q13>0,1,0)+AD14 -> 45 | AF13: =IF(S13<=$AT$1,F13,0) -> 0 | AG13: =IF(T13<=$AT$1,G13,0) -> 0 | AH13: =IF(U13<=$AT$1,H13,0) -> 0 | AI13: =IF(V13<=$AT$1,I13,0) -> 0 | AJ13: =IF(W13<=$AT$1,J13,0) -> 0 | AK13: =IF(X13<=$AT$1,K13,0) -> 0 | AL13: =IF(Y13<=$AT$1,L13,0) -> 0 | AM13: =IF(Z13<=$AT$1,M13,0) -> 0 | ... AQ13: =IF(AD13<=$AT$1,Q13,0) -> 0
... A113: 112 | B113: 31.03.2024 | C113: MGBK-111 | D113: SPUR-04 | E113: 2732 | F113: =IF(D113="SPUR-01",E113,0) -> 0 | G113: =IF(D113="SPUR-02",E113,0) -> 0 | H113: =IF(D113="SPUR-03",E113,0) -> 0 | I113: =IF(D113="SPUR-04",E113,0) -> 2732 | J113: =IF(D113="SPUR-05",E113,0) -> 0 | K113: =IF(D113="SPUR-06",E113,0) -> 0 | L113: =IF(D113="SPUR-07",E113,0) -> 0 | M113: =IF(D113="SPUR-08",E113,0) -> 0 | N113: =IF(D113="SPUR-09",E113,0) -> 0 | O113: =IF(D113="SPUR-10",E113,0) -> 0 | P113: =IF(D113="SPUR-SILO",E113,0) -> 0 | Q113: =IF(D113="SPUR-DB",E113,0) -> 0 | S113: =IF(F113>0,1,0)+S114 -> 57 | T113: =IF(G113>0,1,0)+T114 -> 39 | U113: =IF(H113>0,1,0)+U114 -> 32 | V113: =IF(I113>0,1,0)+V114 -> 37 | W113: =IF(J113>0,1,0)+W114 -> 113 | X113: =IF(K113>0,1,0)+X114 -> 104 | Y113: =IF(L113>0,1,0)+Y114 -> 46 | Z113: =IF(M113>0,1,0)+Z114 -> 33 | ... AD113: =IF(Q113>0,1,0)+AD114 -> 37 | AF113: =IF(S113<=$AT$1,F113,0) -> 0 | AG113: =IF(T113<=$AT$1,G113,0) -> 0 | AH113: =IF(U113<=$AT$1,H113,0) -> 0 | AI113: =IF(V113<=$AT$1,I113,0) -> 0 | AJ113: =IF(W113<=$AT$1,J113,0) -> 0 | AK113: =IF(X113<=$AT$1,K113,0) -> 0 | AL113: =IF(Y113<=$AT$1,L113,0) -> 0 | AM113: =IF(Z113<=$AT$1,M113,0) -> 0 | ... AQ113: =IF(AD113<=$AT$1,Q113,0) -> 0
F114: =IF(D114="SPUR-01",E114,0) -> 0 | G114: =IF(D114="SPUR-02",E114,0) -> 0 | H114: =IF(D114="SPUR-03",E114,0) -> 0 | I114: =IF(D114="SPUR-04",E114,0) -> 0 | J114: =IF(D114="SPUR-05",E114,0) -> 0 | K114: =IF(D114="SPUR-06",E114,0) -> 0 | L114: =IF(D114="SPUR-07",E114,0) -> 0 | M114: =IF(D114="SPUR-08",E114,0) -> 0 | N114: =IF(D114="SPUR-09",E114,0) -> 0 | O114: =IF(D114="SPUR-10",E114,0) -> 0 | P114: =IF(D114="SPUR-SILO",E114,0) -> 0 | Q114: =IF(D114="SPUR-DB",E114,0) -> 0 | S114: =IF(F114>0,1,0)+S115 -> 57 | T114: =IF(G114>0,1,0)+T115 -> 39 | U114: =IF(H114>0,1,0)+U115 -> 32 | V114: =IF(I114>0,1,0)+V115 -> 36 | W114: =IF(J114>0,1,0)+W115 -> 113 | X114: =IF(K114>0,1,0)+X115 -> 104 | Y114: =IF(L114>0,1,0)+Y115 -> 46 | Z114: =IF(M114>0,1,0)+Z115 -> 33 | ... AD114: =IF(Q114>0,1,0)+AD115 -> 37 | AF114: =IF(S114<=$AT$1,F114,0) -> 0 | AG114: =IF(T114<=$AT$1,G114,0) -> 0 | AH114: =IF(U114<=$AT$1,H114,0) -> 0 | AI114: =IF(V114<=$AT$1,I114,0) -> 0 | AJ114: =IF(W114<=$AT$1,J114,0) -> 0 | AK114: =IF(X114<=$AT$1,K114,0) -> 0 | AL114: =IF(Y114<=$AT$1,L114,0) -> 0 | AM114: =IF(Z114<=$AT$1,M114,0) -> 0 | ... AQ114: =IF(AD114<=$AT$1,Q114,0) -> 0
A115: 1 | B115: 01.04.2024 | C115: MGBK-1 | D115: SPUR-05 | E115: 2766.7041 | F115: =IF(D115="SPUR-01",E115,0) -> 0 | G115: =IF(D115="SPUR-02",E115,0) -> 0 | H115: =IF(D115="SPUR-03",E115,0) -> 0 | I115: =IF(D115="SPUR-04",E115,0) -> 0 | J115: =IF(D115="SPUR-05",E115,0) -> 2766.7041 | K115: =IF(D115="SPUR-06",E115,0) -> 0 | L115: =IF(D115="SPUR-07",E115,0) -> 0 | M115: =IF(D115="SPUR-08",E115,0) -> 0 | N115: =IF(D115="SPUR-09",E115,0) -> 0 | O115: =IF(D115="SPUR-10",E115,0) -> 0 | P115: =IF(D115="SPUR-SILO",E115,0) -> 0 | Q115: =IF(D115="SPUR-DB",E115,0) -> 0 | S115: =IF(F115>0,1,0)+S116 -> 57 | T115: =IF(G115>0,1,0)+T116 -> 39 | U115: =IF(H115>0,1,0)+U116 -> 32 | V115: =IF(I115>0,1,0)+V116 -> 36 | W115: =IF(J115>0,1,0)+W116 -> 113 | X115: =IF(K115>0,1,0)+X116 -> 104 | Y115: =IF(L115>0,1,0)+Y116 -> 46 | Z115: =IF(M115>0,1,0)+Z116 -> 33 | ... AD115: =IF(Q115>0,1,0)+AD116 -> 37 | AF115: =IF(S115<=$AT$1,F115,0) -> 0 | AG115: =IF(T115<=$AT$1,G115,0) -> 0 | AH115: =IF(U115<=$AT$1,H115,0) -> 0 | AI115: =IF(V115<=$AT$1,I115,0) -> 0 | AJ115: =IF(W115<=$AT$1,J115,0) -> 0 | AK115: =IF(X115<=$AT$1,K115,0) -> 0 | AL115: =IF(Y115<=$AT$1,L115,0) -> 0 | AM115: =IF(Z115<=$AT$1,M115,0) -> 0 | ... AQ115: =IF(AD115<=$AT$1,Q115,0) -> 0
A116: 2 | B116: 02.04.2024 | C116: MGBK-2 | D116: SPUR-04 | E116: 3186.843 | F116: =IF(D116="SPUR-01",E116,0) -> 0 | G116: =IF(D116="SPUR-02",E116,0) -> 0 | H116: =IF(D116="SPUR-03",E116,0) -> 0 | I116: =IF(D116="SPUR-04",E116,0) -> 3186.843 | J116: =IF(D116="SPUR-05",E116,0) -> 0 | K116: =IF(D116="SPUR-06",E116,0) -> 0 | L116: =IF(D116="SPUR-07",E116,0) -> 0 | M116: =IF(D116="SPUR-08",E116,0) -> 0 | N116: =IF(D116="SPUR-09",E116,0) -> 0 | O116: =IF(D116="SPUR-10",E116,0) -> 0 | P116: =IF(D116="SPUR-SILO",E116,0) -> 0 | Q116: =IF(D116="SPUR-DB",E116,0) -> 0 | S116: =IF(F116>0,1,0)+S117 -> 57 | T116: =IF(G116>0,1,0)+T117 -> 39 | U116: =IF(H116>0,1,0)+U117 -> 32 | V116: =IF(I116>0,1,0)+V117 -> 36 | W116: =IF(J116>0,1,0)+W117 -> 112 | X116: =IF(K116>0,1,0)+X117 -> 104 | Y116: =IF(L116>0,1,0)+Y117 -> 46 | Z116: =IF(M116>0,1,0)+Z117 -> 33 | ... AD116: =IF(Q116>0,1,0)+AD117 -> 37 | AF116: =IF(S116<=$AT$1,F116,0) -> 0 | AG116: =IF(T116<=$AT$1,G116,0) -> 0 | AH116: =IF(U116<=$AT$1,H116,0) -> 0 | AI116: =IF(V116<=$AT$1,I116,0) -> 0 | AJ116: =IF(W116<=$AT$1,J116,0) -> 0 | AK116: =IF(X116<=$AT$1,K116,0) -> 0 | AL116: =IF(Y116<=$AT$1,L116,0) -> 0 | AM116: =IF(Z116<=$AT$1,M116,0) -> 0 | ... AQ116: =IF(AD116<=$AT$1,Q116,0) -> 0
A117: 3 | B117: 02.04.2024 | C117: MGBK-4 | D117: SPUR-SILO | E117: 3029.2978 | F117: =IF(D117="SPUR-01",E117,0) -> 0 | G117: =IF(D117="SPUR-02",E117,0) -> 0 | H117: =IF(D117="SPUR-03",E117,0) -> 0 | I117: =IF(D117="SPUR-04",E117,0) -> 0 | J117: =IF(D117="SPUR-05",E117,0) -> 0 | K117: =IF(D117="SPUR-06",E117,0) -> 0 | L117: =IF(D117="SPUR-07",E117,0) -> 0 | M117: =IF(D117="SPUR-08",E117,0) -> 0 | N117: =IF(D117="SPUR-09",E117,0) -> 0 | O117: =IF(D117="SPUR-10",E117,0) -> 0 | P117: =IF(D117="SPUR-SILO",E117,0) -> 3029.2978 | Q117: =IF(D117="SPUR-DB",E117,0) -> 0 | S117: =IF(F117>0,1,0)+S118 -> 57 | T117: =IF(G117>0,1,0)+T118 -> 39 | U117: =IF(H117>0,1,0)+U118 -> 32 | V117: =IF(I117>0,1,0)+V118 -> 35 | W117: =IF(J117>0,1,0)+W118 -> 112 | X117: =IF(K117>0,1,0)+X118 -> 104 | Y117: =IF(L117>0,1,0)+Y118 -> 46 | Z117: =IF(M117>0,1,0)+Z118 -> 33 | ... AD117: =IF(Q117>0,1,0)+AD118 -> 37 | AF117: =IF(S117<=$AT$1,F117,0) -> 0 | AG117: =IF(T117<=$AT$1,G117,0) -> 0 | AH117: =IF(U117<=$AT$1,H117,0) -> 0 | AI117: =IF(V117<=$AT$1,I117,0) -> 0 | AJ117: =IF(W117<=$AT$1,J117,0) -> 0 | AK117: =IF(X117<=$AT$1,K117,0) -> 0 | AL117: =IF(Y117<=$AT$1,L117,0) -> 0 | AM117: =IF(Z117<=$AT$1,M117,0) -> 0 | ... AQ117: =IF(AD117<=$AT$1,Q117,0) -> 0
A118: 4 | B118: 02.04.2024 | C118: MGBK-3 | D118: SPUR-06 | E118: 2790.5398 | F118: =IF(D118="SPUR-01",E118,0) -> 0 | G118: =IF(D118="SPUR-02",E118,0) -> 0 | H118: =IF(D118="SPUR-03",E118,0) -> 0 | I118: =IF(D118="SPUR-04",E118,0) -> 0 | J118: =IF(D118="SPUR-05",E118,0) -> 0 | K118: =IF(D118="SPUR-06",E118,0) -> 2790.5398 | L118: =IF(D118="SPUR-07",E118,0) -> 0 | M118: =IF(D118="SPUR-08",E118,0) -> 0 | N118: =IF(D118="SPUR-09",E118,0) -> 0 | O118: =IF(D118="SPUR-10",E118,0) -> 0 | P118: =IF(D118="SPUR-SILO",E118,0) -> 0 | Q118: =IF(D118="SPUR-DB",E118,0) -> 0 | S118: =IF(F118>0,1,0)+S119 -> 57 | T118: =IF(G118>0,1,0)+T119 -> 39 | U118: =IF(H118>0,1,0)+U119 -> 32 | V118: =IF(I118>0,1,0)+V119 -> 35 | W118: =IF(J118>0,1,0)+W119 -> 112 | X118: =IF(K118>0,1,0)+X119 -> 104 | Y118: =IF(L118>0,1,0)+Y119 -> 46 | Z118: =IF(M118>0,1,0)+Z119 -> 33 | ... AD118: =IF(Q118>0,1,0)+AD119 -> 37 | AF118: =IF(S118<=$AT$1,F118,0) -> 0 | AG118: =IF(T118<=$AT$1,G118,0) -> 0 | AH118: =IF(U118<=$AT$1,H118,0) -> 0 | AI118: =IF(V118<=$AT$1,I118,0) -> 0 | AJ118: =IF(W118<=$AT$1,J118,0) -> 0 | AK118: =IF(X118<=$AT$1,K118,0) -> 0 | AL118: =IF(Y118<=$AT$1,L118,0) -> 0 | AM118: =IF(Z118<=$AT$1,M118,0) -> 0 | ... AQ118: =IF(AD118<=$AT$1,Q118,0) -> 0
A119: 5 | B119: 02.04.2024 | C119: NMGBK-112 | D119: SPUR-SILO | E119: 3589.6331 | F119: =IF(D119="SPUR-01",E119,0) -> 0 | G119: =IF(D119="SPUR-02",E119,0) -> 0 | H119: =IF(D119="SPUR-03",E119,0) -> 0 | I119: =IF(D119="SPUR-04",E119,0) -> 0 | J119: =IF(D119="SPUR-05",E119,0) -> 0 | K119: =IF(D119="SPUR-06",E119,0) -> 0 | L119: =IF(D119="SPUR-07",E119,0) -> 0 | M119: =IF(D119="SPUR-08",E119,0) -> 0 | N119: =IF(D119="SPUR-09",E119,0) -> 0 | O119: =IF(D119="SPUR-10",E119,0) -> 0 | P119: =IF(D119="SPUR-SILO",E119,0) -> 3589.6331 | Q119: =IF(D119="SPUR-DB",E119,0) -> 0 | S119: =IF(F119>0,1,0)+S120 -> 57 | T119: =IF(G119>0,1,0)+T120 -> 39 | U119: =IF(H119>0,1,0)+U120 -> 32 | V119: =IF(I119>0,1,0)+V120 -> 35 | W119: =IF(J119>0,1,0)+W120 -> 112 | X119: =IF(K119>0,1,0)+X120 -> 103 | Y119: =IF(L119>0,1,0)+Y120 -> 46 | Z119: =IF(M119>0,1,0)+Z120 -> 33 | ... AD119: =IF(Q119>0,1,0)+AD120 -> 37 | AF119: =IF(S119<=$AT$1,F119,0) -> 0 | AG119: =IF(T119<=$AT$1,G119,0) -> 0 | AH119: =IF(U119<=$AT$1,H119,0) -> 0 | AI119: =IF(V119<=$AT$1,I119,0) -> 0 | AJ119: =IF(W119<=$AT$1,J119,0) -> 0 | AK119: =IF(X119<=$AT$1,K119,0) -> 0 | AL119: =IF(Y119<=$AT$1,L119,0) -> 0 | AM119: =IF(Z119<=$AT$1,M119,0) -> 0 | ... AQ119: =IF(AD119<=$AT$1,Q119,0) -> 0
A120: 6 | B120: 02.04.2024 | C120: MGBK-05 | D120: SPUR-07 | E120: 3102.765 | F120: =IF(D120="SPUR-01",E120,0) -> 0 | G120: =IF(D120="SPUR-02",E120,0) -> 0 | H120: =IF(D120="SPUR-03",E120,0) -> 0 | I120: =IF(D120="SPUR-04",E120,0) -> 0 | J120: =IF(D120="SPUR-05",E120,0) -> 0 | K120: =IF(D120="SPUR-06",E120,0) -> 0 | L120: =IF(D120="SPUR-07",E120,0) -> 3102.765 | M120: =IF(D120="SPUR-08",E120,0) -> 0 | N120: =IF(D120="SPUR-09",E120,0) -> 0 | O120: =IF(D120="SPUR-10",E120,0) -> 0 | P120: =IF(D120="SPUR-SILO",E120,0) -> 0 | Q120: =IF(D120="SPUR-DB",E120,0) -> 0 | S120: =IF(F120>0,1,0)+S121 -> 57 | T120: =IF(G120>0,1,0)+T121 -> 39 | U120: =IF(H120>0,1,0)+U121 -> 32 | V120: =IF(I120>0,1,0)+V121 -> 35 | W120: =IF(J120>0,1,0)+W121 -> 112 | X120: =IF(K120>0,1,0)+X121 -> 103 | Y120: =IF(L120>0,1,0)+Y121 -> 46 | Z120: =IF(M120>0,1,0)+Z121 -> 33 | ... AD120: =IF(Q120>0,1,0)+AD121 -> 37 | AF120: =IF(S120<=$AT$1,F120,0) -> 0 | AG120: =IF(T120<=$AT$1,G120,0) -> 0 | AH120: =IF(U120<=$AT$1,H120,0) -> 0 | AI120: =IF(V120<=$AT$1,I120,0) -> 0 | AJ120: =IF(W120<=$AT$1,J120,0) -> 0 | AK120: =IF(X120<=$AT$1,K120,0) -> 0 | AL120: =IF(Y120<=$AT$1,L120,0) -> 0 | AM120: =IF(Z120<=$AT$1,M120,0) -> 0 | ... AQ120: =IF(AD120<=$AT$1,Q120,0) -> 0
A121: 7 | B121: 02.04.2024 | C121: MGBK-06 | D121: SPUR-04 | E121: 3049.9415 | F121: =IF(D121="SPUR-01",E121,0) -> 0 | G121: =IF(D121="SPUR-02",E121,0) -> 0 | H121: =IF(D121="SPUR-03",E121,0) -> 0 | I121: =IF(D121="SPUR-04",E121,0) -> 3049.9415 | J121: =IF(D121="SPUR-05",E121,0) -> 0 | K121: =IF(D121="SPUR-06",E121,0) -> 0 | L121: =IF(D121="SPUR-07",E121,0) -> 0 | M121: =IF(D121="SPUR-08",E121,0) -> 0 | N121: =IF(D121="SPUR-09",E121,0) -> 0 | O121: =IF(D121="SPUR-10",E121,0) -> 0 | P121: =IF(D121="SPUR-SILO",E121,0) -> 0 | Q121: =IF(D121="SPUR-DB",E121,0) -> 0 | S121: =IF(F121>0,1,0)+S122 -> 57 | T121: =IF(G121>0,1,0)+T122 -> 39 | U121: =IF(H121>0,1,0)+U122 -> 32 | V121: =IF(I121>0,1,0)+V122 -> 35 | W121: =IF(J121>0,1,0)+W122 -> 112 | X121: =IF(K121>0,1,0)+X122 -> 103 | Y121: =IF(L121>0,1,0)+Y122 -> 45 | Z121: =IF(M121>0,1,0)+Z122 -> 33 | ... AD121: =IF(Q121>0,1,0)+AD122 -> 37 | AF121: =IF(S121<=$AT$1,F121,0) -> 0 | AG121: =IF(T121<=$AT$1,G121,0) -> 0 | AH121: =IF(U121<=$AT$1,H121,0) -> 0 | AI121: =IF(V121<=$AT$1,I121,0) -> 0 | AJ121: =IF(W121<=$AT$1,J121,0) -> 0 | AK121: =IF(X121<=$AT$1,K121,0) -> 0 | AL121: =IF(Y121<=$AT$1,L121,0) -> 0 | AM121: =IF(Z121<=$AT$1,M121,0) -> 0 | ... AQ121: =IF(AD121<=$AT$1,Q121,0) -> 0
A122: 8 | B122: 03.04.2024 | C122: MGBK-08 | D122: SPUR-03 | E122: 3073.3648 | F122: =IF(D122="SPUR-01",E122,0) -> 0 | G122: =IF(D122="SPUR-02",E122,0) -> 0 | H122: =IF(D122="SPUR-03",E122,0) -> 3073.3648 | I122: =IF(D122="SPUR-04",E122,0) -> 0 | J122: =IF(D122="SPUR-05",E122,0) -> 0 | K122: =IF(D122="SPUR-06",E122,0) -> 0 | L122: =IF(D122="SPUR-07",E122,0) -> 0 | M122: =IF(D122="SPUR-08",E122,0) -> 0 | N122: =IF(D122="SPUR-09",E122,0) -> 0 | O122: =IF(D122="SPUR-10",E122,0) -> 0 | P122: =IF(D122="SPUR-SILO",E122,0) -> 0 | Q122: =IF(D122="SPUR-DB",E122,0) -> 0 | S122: =IF(F122>0,1,0)+S123 -> 57 | T122: =IF(G122>0,1,0)+T123 -> 39 | U122: =IF(H122>0,1,0)+U123 -> 32 | V122: =IF(I122>0,1,0)+V123 -> 34 | W122: =IF(J122>0,1,0)+W123 -> 112 | X122: =IF(K122>0,1,0)+X123 -> 103 | Y122: =IF(L122>0,1,0)+Y123 -> 45 | Z122: =IF(M122>0,1,0)+Z123 -> 33 | ... AD122: =IF(Q122>0,1,0)+AD123 -> 37 | AF122: =IF(S122<=$AT$1,F122,0) -> 0 | AG122: =IF(T122<=$AT$1,G122,0) -> 0 | AH122: =IF(U122<=$AT$1,H122,0) -> 0 | AI122: =IF(V122<=$AT$1,I122,0) -> 0 | AJ122: =IF(W122<=$AT$1,J122,0) -> 0 | AK122: =IF(X122<=$AT$1,K122,0) -> 0 | AL122: =IF(Y122<=$AT$1,L122,0) -> 0 | AM122: =IF(Z122<=$AT$1,M122,0) -> 0 | ... AQ122: =IF(AD122<=$AT$1,Q122,0) -> 0
A123: 9 | B123: 03.04.2024 | C123: MGBK-07 | D123: SPUR-01 | E123: 3505.5418 | F123: =IF(D123="SPUR-01",E123,0) -> 3505.5418 | G123: =IF(D123="SPUR-02",E123,0) -> 0 | H123: =IF(D123="SPUR-03",E123,0) -> 0 | I123: =IF(D123="SPUR-04",E123,0) -> 0 | J123: =IF(D123="SPUR-05",E123,0) -> 0 | K123: =IF(D123="SPUR-06",E123,0) -> 0 | L123: =IF(D123="SPUR-07",E123,0) -> 0 | M123: =IF(D123="SPUR-08",E123,0) -> 0 | N123: =IF(D123="SPUR-09",E123,0) -> 0 | O123: =IF(D123="SPUR-10",E123,0) -> 0 | P123: =IF(D123="SPUR-SILO",E123,0) -> 0 | Q123: =IF(D123="SPUR-DB",E123,0) -> 0 | S123: =IF(F123>0,1,0)+S124 -> 57 | T123: =IF(G123>0,1,0)+T124 -> 39 | U123: =IF(H123>0,1,0)+U124 -> 31 | V123: =IF(I123>0,1,0)+V124 -> 34 | W123: =IF(J123>0,1,0)+W124 -> 112 | X123: =IF(K123>0,1,0)+X124 -> 103 | Y123: =IF(L123>0,1,0)+Y124 -> 45 | Z123: =IF(M123>0,1,0)+Z124 -> 33 | ... AD123: =IF(Q123>0,1,0)+AD124 -> 37 | AF123: =IF(S123<=$AT$1,F123,0) -> 0 | AG123: =IF(T123<=$AT$1,G123,0) -> 0 | AH123: =IF(U123<=$AT$1,H123,0) -> 0 | AI123: =IF(V123<=$AT$1,I123,0) -> 0 | AJ123: =IF(W123<=$AT$1,J123,0) -> 0 | AK123: =IF(X123<=$AT$1,K123,0) -> 0 | AL123: =IF(Y123<=$AT$1,L123,0) -> 0 | AM123: =IF(Z123<=$AT$1,M123,0) -> 0 | ... AQ123: =IF(AD123<=$AT$1,Q123,0) -> 0
A124: 10 | B124: 03.04.2024 | C124: MGBK-10 | D124: SPUR-05 | E124: 2844.1321 | F124: =IF(D124="SPUR-01",E124,0) -> 0 | G124: =IF(D124="SPUR-02",E124,0) -> 0 | H124: =IF(D124="SPUR-03",E124,0) -> 0 | I124: =IF(D124="SPUR-04",E124,0) -> 0 | J124: =IF(D124="SPUR-05",E124,0) -> 2844.1321 | K124: =IF(D124="SPUR-06",E124,0) -> 0 | L124: =IF(D124="SPUR-07",E124,0) -> 0 | M124: =IF(D124="SPUR-08",E124,0) -> 0 | N124: =IF(D124="SPUR-09",E124,0) -> 0 | O124: =IF(D124="SPUR-10",E124,0) -> 0 | P124: =IF(D124="SPUR-SILO",E124,0) -> 0 | Q124: =IF(D124="SPUR-DB",E124,0) -> 0 | S124: =IF(F124>0,1,0)+S125 -> 56 | T124: =IF(G124>0,1,0)+T125 -> 39 | U124: =IF(H124>0,1,0)+U125 -> 31 | V124: =IF(I124>0,1,0)+V125 -> 34 | W124: =IF(J124>0,1,0)+W125 -> 112 | X124: =IF(K124>0,1,0)+X125 -> 103 | Y124: =IF(L124>0,1,0)+Y125 -> 45 | Z124: =IF(M124>0,1,0)+Z125 -> 33 | ... AD124: =IF(Q124>0,1,0)+AD125 -> 37 | AF124: =IF(S124<=$AT$1,F124,0) -> 0 | AG124: =IF(T124<=$AT$1,G124,0) -> 0 | AH124: =IF(U124<=$AT$1,H124,0) -> 0 | AI124: =IF(V124<=$AT$1,I124,0) -> 0 | AJ124: =IF(W124<=$AT$1,J124,0) -> 0 | AK124: =IF(X124<=$AT$1,K124,0) -> 0 | AL124: =IF(Y124<=$AT$1,L124,0) -> 0 | AM124: =IF(Z124<=$AT$1,M124,0) -> 0 | ... AQ124: =IF(AD124<=$AT$1,Q124,0) -> 0
A125: 11 | B125: 03.04.2024 | C125: MGBK-09 | D125: SPUR-04 | E125: 3020.1978 | F125: =IF(D125="SPUR-01",E125,0) -> 0 | G125: =IF(D125="SPUR-02",E125,0) -> 0 | H125: =IF(D125="SPUR-03",E125,0) -> 0 | I125: =IF(D125="SPUR-04",E125,0) -> 3020.1978 | J125: =IF(D125="SPUR-05",E125,0) -> 0 | K125: =IF(D125="SPUR-06",E125,0) -> 0 | L125: =IF(D125="SPUR-07",E125,0) -> 0 | M125: =IF(D125="SPUR-08",E125,0) -> 0 | N125: =IF(D125="SPUR-09",E125,0) -> 0 | O125: =IF(D125="SPUR-10",E125,0) -> 0 | P125: =IF(D125="SPUR-SILO",E125,0) -> 0 | Q125: =IF(D125="SPUR-DB",E125,0) -> 0 | S125: =IF(F125>0,1,0)+S126 -> 56 | T125: =IF(G125>0,1,0)+T126 -> 39 | U125: =IF(H125>0,1,0)+U126 -> 31 | V125: =IF(I125>0,1,0)+V126 -> 34 | W125: =IF(J125>0,1,0)+W126 -> 111 | X125: =IF(K125>0,1,0)+X126 -> 103 | Y125: =IF(L125>0,1,0)+Y126 -> 45 | Z125: =IF(M125>0,1,0)+Z126 -> 33 | ... AD125: =IF(Q125>0,1,0)+AD126 -> 37 | AF125: =IF(S125<=$AT$1,F125,0) -> 0 | AG125: =IF(T125<=$AT$1,G125,0) -> 0 | AH125: =IF(U125<=$AT$1,H125,0) -> 0 | AI125: =IF(V125<=$AT$1,I125,0) -> 0 | AJ125: =IF(W125<=$AT$1,J125,0) -> 0 | AK125: =IF(X125<=$AT$1,K125,0) -> 0 | AL125: =IF(Y125<=$AT$1,L125,0) -> 0 | AM125: =IF(Z125<=$AT$1,M125,0) -> 0 | ... AQ125: =IF(AD125<=$AT$1,Q125,0) -> 0
A126: 12 | B126: 03.04.2024 | C126: MGBK-12 | D126: SPUR-03 | E126: 2715.7527 | F126: =IF(D126="SPUR-01",E126,0) -> 0 | G126: =IF(D126="SPUR-02",E126,0) -> 0 | H126: =IF(D126="SPUR-03",E126,0) -> 2715.7527 | I126: =IF(D126="SPUR-04",E126,0) -> 0 | J126: =IF(D126="SPUR-05",E126,0) -> 0 | K126: =IF(D126="SPUR-06",E126,0) -> 0 | L126: =IF(D126="SPUR-07",E126,0) -> 0 | M126: =IF(D126="SPUR-08",E126,0) -> 0 | N126: =IF(D126="SPUR-09",E126,0) -> 0 | O126: =IF(D126="SPUR-10",E126,0) -> 0 | P126: =IF(D126="SPUR-SILO",E126,0) -> 0 | Q126: =IF(D126="SPUR-DB",E126,0) -> 0 | S126: =IF(F126>0,1,0)+S127 -> 56 | T126: =IF(G126>0,1,0)+T127 -> 39 | U126: =IF(H126>0,1,0)+U127 -> 31 | V126: =IF(I126>0,1,0)+V127 -> 33 | W126: =IF(J126>0,1,0)+W127 -> 111 | X126: =IF(K126>0,1,0)+X127 -> 103 | Y126: =IF(L126>0,1,0)+Y127 -> 45 | Z126: =IF(M126>0,1,0)+Z127 -> 33 | ... AD126: =IF(Q126>0,1,0)+AD127 -> 37 | AF126: =IF(S126<=$AT$1,F126,0) -> 0 | AG126: =IF(T126<=$AT$1,G126,0) -> 0 | AH126: =IF(U126<=$AT$1,H126,0) -> 0 | AI126: =IF(V126<=$AT$1,I126,0) -> 0 | AJ126: =IF(W126<=$AT$1,J126,0) -> 0 | AK126: =IF(X126<=$AT$1,K126,0) -> 0 | AL126: =IF(Y126<=$AT$1,L126,0) -> 0 | AM126: =IF(Z126<=$AT$1,M126,0) -> 0 | ... AQ126: =IF(AD126<=$AT$1,Q126,0) -> 0
... A202: 88 | B202: 23.04.2024 | C202: NMGBK-89 | D202: SPUR-03 | E202: 2541.2251 | F202: =IF(D202="SPUR-01",E202,0) -> 0 | G202: =IF(D202="SPUR-02",E202,0) -> 0 | H202: =IF(D202="SPUR-03",E202,0) -> 2541.2251 | I202: =IF(D202="SPUR-04",E202,0) -> 0 | J202: =IF(D202="SPUR-05",E202,0) -> 0 | K202: =IF(D202="SPUR-06",E202,0) -> 0 | L202: =IF(D202="SPUR-07",E202,0) -> 0 | M202: =IF(D202="SPUR-08",E202,0) -> 0 | N202: =IF(D202="SPUR-09",E202,0) -> 0 | O202: =IF(D202="SPUR-10",E202,0) -> 0 | P202: =IF(D202="SPUR-SILO",E202,0) -> 0 | Q202: =IF(D202="SPUR-DB",E202,0) -> 0 | S202: =IF(F202>0,1,0)+S203 -> 53 | T202: =IF(G202>0,1,0)+T203 -> 38 | U202: =IF(H202>0,1,0)+U203 -> 22 | V202: =IF(I202>0,1,0)+V203 -> 23 | W202: =IF(J202>0,1,0)+W203 -> 103 | X202: =IF(K202>0,1,0)+X203 -> 93 | Y202: =IF(L202>0,1,0)+Y203 -> 36 | Z202: =IF(M202>0,1,0)+Z203 -> 30 | ... AD202: =IF(Q202>0,1,0)+AD203 -> 26 | AF202: =IF(S202<=$AT$1,F202,0) -> 0 | AG202: =IF(T202<=$AT$1,G202,0) -> 0 | AH202: =IF(U202<=$AT$1,H202,0) -> 0 | AI202: =IF(V202<=$AT$1,I202,0) -> 0 | AJ202: =IF(W202<=$AT$1,J202,0) -> 0 | AK202: =IF(X202<=$AT$1,K202,0) -> 0 | AL202: =IF(Y202<=$AT$1,L202,0) -> 0 | AM202: =IF(Z202<=$AT$1,M202,0) -> 0 | ... AQ202: =IF(AD202<=$AT$1,Q202,0) -> 0
F203: =IF(D203="SPUR-01",E203,0) -> 0 | G203: =IF(D203="SPUR-02",E203,0) -> 0 | H203: =IF(D203="SPUR-03",E203,0) -> 0 | I203: =IF(D203="SPUR-04",E203,0) -> 0 | J203: =IF(D203="SPUR-05",E203,0) -> 0 | K203: =IF(D203="SPUR-06",E203,0) -> 0 | L203: =IF(D203="SPUR-07",E203,0) -> 0 | M203: =IF(D203="SPUR-08",E203,0) -> 0 | N203: =IF(D203="SPUR-09",E203,0) -> 0 | O203: =IF(D203="SPUR-10",E203,0) -> 0 | P203: =IF(D203="SPUR-SILO",E203,0) -> 0 | Q203: =IF(D203="SPUR-DB",E203,0) -> 0 | S203: =IF(F203>0,1,0)+S204 -> 53 | T203: =IF(G203>0,1,0)+T204 -> 38 | U203: =IF(H203>0,1,0)+U204 -> 21 | V203: =IF(I203>0,1,0)+V204 -> 23 | W203: =IF(J203>0,1,0)+W204 -> 103 | X203: =IF(K203>0,1,0)+X204 -> 93 | Y203: =IF(L203>0,1,0)+Y204 -> 36 | Z203: =IF(M203>0,1,0)+Z204 -> 30 | ... AD203: =IF(Q203>0,1,0)+AD204 -> 26 | AF203: =IF(S203<=$AT$1,F203,0) -> 0 | AG203: =IF(T203<=$AT$1,G203,0) -> 0 | AH203: =IF(U203<=$AT$1,H203,0) -> 0 | AI203: =IF(V203<=$AT$1,I203,0) -> 0 | AJ203: =IF(W203<=$AT$1,J203,0) -> 0 | AK203: =IF(X203<=$AT$1,K203,0) -> 0 | AL203: =IF(Y203<=$AT$1,L203,0) -> 0 | AM203: =IF(Z203<=$AT$1,M203,0) -> 0 | ... AQ203: =IF(AD203<=$AT$1,Q203,0) -> 0
A204: 1 | B204: 01.05.2024 | C204: MGBK-2 | D204: SPUR-5 | E204: 3021.6587 | F204: =IF(D204="SPUR-01",E204,0) -> 0 | G204: =IF(D204="SPUR-02",E204,0) -> 0 | H204: =IF(D204="SPUR-03",E204,0) -> 0 | I204: =IF(D204="SPUR-04",E204,0) -> 0 | J204: =IF(D204="SPUR-05",E204,0) -> 0 | K204: =IF(D204="SPUR-06",E204,0) -> 0 | L204: =IF(D204="SPUR-07",E204,0) -> 0 | M204: =IF(D204="SPUR-08",E204,0) -> 0 | N204: =IF(D204="SPUR-09",E204,0) -> 0 | O204: =IF(D204="SPUR-10",E204,0) -> 0 | P204: =IF(D204="SPUR-SILO",E204,0) -> 0 | Q204: =IF(D204="SPUR-DB",E204,0) -> 0 | S204: =IF(F204>0,1,0)+S205 -> 53 | T204: =IF(G204>0,1,0)+T205 -> 38 | U204: =IF(H204>0,1,0)+U205 -> 21 | V204: =IF(I204>0,1,0)+V205 -> 23 | W204: =IF(J204>0,1,0)+W205 -> 103 | X204: =IF(K204>0,1,0)+X205 -> 93 | Y204: =IF(L204>0,1,0)+Y205 -> 36 | Z204: =IF(M204>0,1,0)+Z205 -> 30 | ... AD204: =IF(Q204>0,1,0)+AD205 -> 26 | AF204: =IF(S204<=$AT$1,F204,0) -> 0 | AG204: =IF(T204<=$AT$1,G204,0) -> 0 | AH204: =IF(U204<=$AT$1,H204,0) -> 0 | AI204: =IF(V204<=$AT$1,I204,0) -> 0 | AJ204: =IF(W204<=$AT$1,J204,0) -> 0 | AK204: =IF(X204<=$AT$1,K204,0) -> 0 | AL204: =IF(Y204<=$AT$1,L204,0) -> 0 | AM204: =IF(Z204<=$AT$1,M204,0) -> 0 | ... AQ204: =IF(AD204<=$AT$1,Q204,0) -> 0
A205: 2 | B205: 01.05.2024 | C205: MGBK-4 | D205: LSST-SILO | E205: 3042.3492 | F205: =IF(D205="SPUR-01",E205,0) -> 0 | G205: =IF(D205="SPUR-02",E205,0) -> 0 | H205: =IF(D205="SPUR-03",E205,0) -> 0 | I205: =IF(D205="SPUR-04",E205,0) -> 0 | J205: =IF(D205="SPUR-05",E205,0) -> 0 | K205: =IF(D205="SPUR-06",E205,0) -> 0 | L205: =IF(D205="SPUR-07",E205,0) -> 0 | M205: =IF(D205="SPUR-08",E205,0) -> 0 | N205: =IF(D205="SPUR-09",E205,0) -> 0 | O205: =IF(D205="SPUR-10",E205,0) -> 0 | P205: =IF(D205="SPUR-SILO",E205,0) -> 0 | Q205: =IF(D205="SPUR-DB",E205,0) -> 0 | S205: =IF(F205>0,1,0)+S206 -> 53 | T205: =IF(G205>0,1,0)+T206 -> 38 | U205: =IF(H205>0,1,0)+U206 -> 21 | V205: =IF(I205>0,1,0)+V206 -> 23 | W205: =IF(J205>0,1,0)+W206 -> 103 | X205: =IF(K205>0,1,0)+X206 -> 93 | Y205: =IF(L205>0,1,0)+Y206 -> 36 | Z205: =IF(M205>0,1,0)+Z206 -> 30 | ... AD205: =IF(Q205>0,1,0)+AD206 -> 26 | AF205: =IF(S205<=$AT$1,F205,0) -> 0 | AG205: =IF(T205<=$AT$1,G205,0) -> 0 | AH205: =IF(U205<=$AT$1,H205,0) -> 0 | AI205: =IF(V205<=$AT$1,I205,0) -> 0 | AJ205: =IF(W205<=$AT$1,J205,0) -> 0 | AK205: =IF(X205<=$AT$1,K205,0) -> 0 | AL205: =IF(Y205<=$AT$1,L205,0) -> 0 | AM205: =IF(Z205<=$AT$1,M205,0) -> 0 | ... AQ205: =IF(AD205<=$AT$1,Q205,0) -> 0
A206: 3 | B206: 01.05.2024 | C206: MGBK-1 | D206: SPUR-8 | E206: 3101.143 | F206: =IF(D206="SPUR-01",E206,0) -> 0 | G206: =IF(D206="SPUR-02",E206,0) -> 0 | H206: =IF(D206="SPUR-03",E206,0) -> 0 | I206: =IF(D206="SPUR-04",E206,0) -> 0 | J206: =IF(D206="SPUR-05",E206,0) -> 0 | K206: =IF(D206="SPUR-06",E206,0) -> 0 | L206: =IF(D206="SPUR-07",E206,0) -> 0 | M206: =IF(D206="SPUR-08",E206,0) -> 0 | N206: =IF(D206="SPUR-09",E206,0) -> 0 | O206: =IF(D206="SPUR-10",E206,0) -> 0 | P206: =IF(D206="SPUR-SILO",E206,0) -> 0 | Q206: =IF(D206="SPUR-DB",E206,0) -> 0 | S206: =IF(F206>0,1,0)+S207 -> 53 | T206: =IF(G206>0,1,0)+T207 -> 38 | U206: =IF(H206>0,1,0)+U207 -> 21 | V206: =IF(I206>0,1,0)+V207 -> 23 | W206: =IF(J206>0,1,0)+W207 -> 103 | X206: =IF(K206>0,1,0)+X207 -> 93 | Y206: =IF(L206>0,1,0)+Y207 -> 36 | Z206: =IF(M206>0,1,0)+Z207 -> 30 | ... AD206: =IF(Q206>0,1,0)+AD207 -> 26 | AF206: =IF(S206<=$AT$1,F206,0) -> 0 | AG206: =IF(T206<=$AT$1,G206,0) -> 0 | AH206: =IF(U206<=$AT$1,H206,0) -> 0 | AI206: =IF(V206<=$AT$1,I206,0) -> 0 | AJ206: =IF(W206<=$AT$1,J206,0) -> 0 | AK206: =IF(X206<=$AT$1,K206,0) -> 0 | AL206: =IF(Y206<=$AT$1,L206,0) -> 0 | AM206: =IF(Z206<=$AT$1,M206,0) -> 0 | ... AQ206: =IF(AD206<=$AT$1,Q206,0) -> 0
A207: 4 | B207: 02.05.2024 | C207: NMGBK-3 | D207: SPUR-6 | E207: 3243.742 | F207: =IF(D207="SPUR-01",E207,0) -> 0 | G207: =IF(D207="SPUR-02",E207,0) -> 0 | H207: =IF(D207="SPUR-03",E207,0) -> 0 | I207: =IF(D207="SPUR-04",E207,0) -> 0 | J207: =IF(D207="SPUR-05",E207,0) -> 0 | K207: =IF(D207="SPUR-06",E207,0) -> 0 | L207: =IF(D207="SPUR-07",E207,0) -> 0 | M207: =IF(D207="SPUR-08",E207,0) -> 0 | N207: =IF(D207="SPUR-09",E207,0) -> 0 | O207: =IF(D207="SPUR-10",E207,0) -> 0 | P207: =IF(D207="SPUR-SILO",E207,0) -> 0 | Q207: =IF(D207="SPUR-DB",E207,0) -> 0 | S207: =IF(F207>0,1,0)+S208 -> 53 | T207: =IF(G207>0,1,0)+T208 -> 38 | U207: =IF(H207>0,1,0)+U208 -> 21 | V207: =IF(I207>0,1,0)+V208 -> 23 | W207: =IF(J207>0,1,0)+W208 -> 103 | X207: =IF(K207>0,1,0)+X208 -> 93 | Y207: =IF(L207>0,1,0)+Y208 -> 36 | Z207: =IF(M207>0,1,0)+Z208 -> 30 | ... AD207: =IF(Q207>0,1,0)+AD208 -> 26 | AF207: =IF(S207<=$AT$1,F207,0) -> 0 | AG207: =IF(T207<=$AT$1,G207,0) -> 0 | AH207: =IF(U207<=$AT$1,H207,0) -> 0 | AI207: =IF(V207<=$AT$1,I207,0) -> 0 | AJ207: =IF(W207<=$AT$1,J207,0) -> 0 | AK207: =IF(X207<=$AT$1,K207,0) -> 0 | AL207: =IF(Y207<=$AT$1,L207,0) -> 0 | AM207: =IF(Z207<=$AT$1,M207,0) -> 0 | ... AQ207: =IF(AD207<=$AT$1,Q207,0) -> 0
A208: 5 | B208: 02.05.2024 | C208: MGBK-5 | D208: LSST-SILO | E208: 3316.4172 | F208: =IF(D208="SPUR-01",E208,0) -> 0 | G208: =IF(D208="SPUR-02",E208,0) -> 0 | H208: =IF(D208="SPUR-03",E208,0) -> 0 | I208: =IF(D208="SPUR-04",E208,0) -> 0 | J208: =IF(D208="SPUR-05",E208,0) -> 0 | K208: =IF(D208="SPUR-06",E208,0) -> 0 | L208: =IF(D208="SPUR-07",E208,0) -> 0 | M208: =IF(D208="SPUR-08",E208,0) -> 0 | N208: =IF(D208="SPUR-09",E208,0) -> 0 | O208: =IF(D208="SPUR-10",E208,0) -> 0 | P208: =IF(D208="SPUR-SILO",E208,0) -> 0 | Q208: =IF(D208="SPUR-DB",E208,0) -> 0 | S208: =IF(F208>0,1,0)+S209 -> 53 | T208: =IF(G208>0,1,0)+T209 -> 38 | U208: =IF(H208>0,1,0)+U209 -> 21 | V208: =IF(I208>0,1,0)+V209 -> 23 | W208: =IF(J208>0,1,0)+W209 -> 103 | X208: =IF(K208>0,1,0)+X209 -> 93 | Y208: =IF(L208>0,1,0)+Y209 -> 36 | Z208: =IF(M208>0,1,0)+Z209 -> 30 | ... AD208: =IF(Q208>0,1,0)+AD209 -> 26 | AF208: =IF(S208<=$AT$1,F208,0) -> 0 | AG208: =IF(T208<=$AT$1,G208,0) -> 0 | AH208: =IF(U208<=$AT$1,H208,0) -> 0 | AI208: =IF(V208<=$AT$1,I208,0) -> 0 | AJ208: =IF(W208<=$AT$1,J208,0) -> 0 | AK208: =IF(X208<=$AT$1,K208,0) -> 0 | AL208: =IF(Y208<=$AT$1,L208,0) -> 0 | AM208: =IF(Z208<=$AT$1,M208,0) -> 0 | ... AQ208: =IF(AD208<=$AT$1,Q208,0) -> 0
A209: 6 | B209: 02.05.2024 | C209: MGBK-7 | D209: SPUR-6 | E209: 3052.5194 | F209: =IF(D209="SPUR-01",E209,0) -> 0 | G209: =IF(D209="SPUR-02",E209,0) -> 0 | H209: =IF(D209="SPUR-03",E209,0) -> 0 | I209: =IF(D209="SPUR-04",E209,0) -> 0 | J209: =IF(D209="SPUR-05",E209,0) -> 0 | K209: =IF(D209="SPUR-06",E209,0) -> 0 | L209: =IF(D209="SPUR-07",E209,0) -> 0 | M209: =IF(D209="SPUR-08",E209,0) -> 0 | N209: =IF(D209="SPUR-09",E209,0) -> 0 | O209: =IF(D209="SPUR-10",E209,0) -> 0 | P209: =IF(D209="SPUR-SILO",E209,0) -> 0 | Q209: =IF(D209="SPUR-DB",E209,0) -> 0 | S209: =IF(F209>0,1,0)+S210 -> 53 | T209: =IF(G209>0,1,0)+T210 -> 38 | U209: =IF(H209>0,1,0)+U210 -> 21 | V209: =IF(I209>0,1,0)+V210 -> 23 | W209: =IF(J209>0,1,0)+W210 -> 103 | X209: =IF(K209>0,1,0)+X210 -> 93 | Y209: =IF(L209>0,1,0)+Y210 -> 36 | Z209: =IF(M209>0,1,0)+Z210 -> 30 | ... AD209: =IF(Q209>0,1,0)+AD210 -> 26 | AF209: =IF(S209<=$AT$1,F209,0) -> 0 | AG209: =IF(T209<=$AT$1,G209,0) -> 0 | AH209: =IF(U209<=$AT$1,H209,0) -> 0 | AI209: =IF(V209<=$AT$1,I209,0) -> 0 | AJ209: =IF(W209<=$AT$1,J209,0) -> 0 | AK209: =IF(X209<=$AT$1,K209,0) -> 0 | AL209: =IF(Y209<=$AT$1,L209,0) -> 0 | AM209: =IF(Z209<=$AT$1,M209,0) -> 0 | ... AQ209: =IF(AD209<=$AT$1,Q209,0) -> 0
A210: 7 | B210: 03.05.2024 | C210: MGBK-06 | D210: SPUR-8 | E210: 3577.8483 | F210: =IF(D210="SPUR-01",E210,0) -> 0 | G210: =IF(D210="SPUR-02",E210,0) -> 0 | H210: =IF(D210="SPUR-03",E210,0) -> 0 | I210: =IF(D210="SPUR-04",E210,0) -> 0 | J210: =IF(D210="SPUR-05",E210,0) -> 0 | K210: =IF(D210="SPUR-06",E210,0) -> 0 | L210: =IF(D210="SPUR-07",E210,0) -> 0 | M210: =IF(D210="SPUR-08",E210,0) -> 0 | N210: =IF(D210="SPUR-09",E210,0) -> 0 | O210: =IF(D210="SPUR-10",E210,0) -> 0 | P210: =IF(D210="SPUR-SILO",E210,0) -> 0 | Q210: =IF(D210="SPUR-DB",E210,0) -> 0 | S210: =IF(F210>0,1,0)+S211 -> 53 | T210: =IF(G210>0,1,0)+T211 -> 38 | U210: =IF(H210>0,1,0)+U211 -> 21 | V210: =IF(I210>0,1,0)+V211 -> 23 | W210: =IF(J210>0,1,0)+W211 -> 103 | X210: =IF(K210>0,1,0)+X211 -> 93 | Y210: =IF(L210>0,1,0)+Y211 -> 36 | Z210: =IF(M210>0,1,0)+Z211 -> 30 | ... AD210: =IF(Q210>0,1,0)+AD211 -> 26 | AF210: =IF(S210<=$AT$1,F210,0) -> 0 | AG210: =IF(T210<=$AT$1,G210,0) -> 0 | AH210: =IF(U210<=$AT$1,H210,0) -> 0 | AI210: =IF(V210<=$AT$1,I210,0) -> 0 | AJ210: =IF(W210<=$AT$1,J210,0) -> 0 | AK210: =IF(X210<=$AT$1,K210,0) -> 0 | AL210: =IF(Y210<=$AT$1,L210,0) -> 0 | AM210: =IF(Z210<=$AT$1,M210,0) -> 0 | ... AQ210: =IF(AD210<=$AT$1,Q210,0) -> 0
A211: 8 | B211: 03.05.2024 | C211: MGBK-10 | D211: SPUR-5 | E211: 3264.1049 | F211: =IF(D211="SPUR-01",E211,0) -> 0 | G211: =IF(D211="SPUR-02",E211,0) -> 0 | H211: =IF(D211="SPUR-03",E211,0) -> 0 | I211: =IF(D211="SPUR-04",E211,0) -> 0 | J211: =IF(D211="SPUR-05",E211,0) -> 0 | K211: =IF(D211="SPUR-06",E211,0) -> 0 | L211: =IF(D211="SPUR-07",E211,0) -> 0 | M211: =IF(D211="SPUR-08",E211,0) -> 0 | N211: =IF(D211="SPUR-09",E211,0) -> 0 | O211: =IF(D211="SPUR-10",E211,0) -> 0 | P211: =IF(D211="SPUR-SILO",E211,0) -> 0 | Q211: =IF(D211="SPUR-DB",E211,0) -> 0 | S211: =IF(F211>0,1,0)+S212 -> 53 | T211: =IF(G211>0,1,0)+T212 -> 38 | U211: =IF(H211>0,1,0)+U212 -> 21 | V211: =IF(I211>0,1,0)+V212 -> 23 | W211: =IF(J211>0,1,0)+W212 -> 103 | X211: =IF(K211>0,1,0)+X212 -> 93 | Y211: =IF(L211>0,1,0)+Y212 -> 36 | Z211: =IF(M211>0,1,0)+Z212 -> 30 | ... AD211: =IF(Q211>0,1,0)+AD212 -> 26 | AF211: =IF(S211<=$AT$1,F211,0) -> 0 | AG211: =IF(T211<=$AT$1,G211,0) -> 0 | AH211: =IF(U211<=$AT$1,H211,0) -> 0 | AI211: =IF(V211<=$AT$1,I211,0) -> 0 | AJ211: =IF(W211<=$AT$1,J211,0) -> 0 | AK211: =IF(X211<=$AT$1,K211,0) -> 0 | AL211: =IF(Y211<=$AT$1,L211,0) -> 0 | AM211: =IF(Z211<=$AT$1,M211,0) -> 0 | ... AQ211: =IF(AD211<=$AT$1,Q211,0) -> 0
A212: 9 | B212: 03.05.2024 | C212: MGBK-08 | D212: SPUR-7 | E212: 3250.7892 | F212: =IF(D212="SPUR-01",E212,0) -> 0 | G212: =IF(D212="SPUR-02",E212,0) -> 0 | H212: =IF(D212="SPUR-03",E212,0) -> 0 | I212: =IF(D212="SPUR-04",E212,0) -> 0 | J212: =IF(D212="SPUR-05",E212,0) -> 0 | K212: =IF(D212="SPUR-06",E212,0) -> 0 | L212: =IF(D212="SPUR-07",E212,0) -> 0 | M212: =IF(D212="SPUR-08",E212,0) -> 0 | N212: =IF(D212="SPUR-09",E212,0) -> 0 | O212: =IF(D212="SPUR-10",E212,0) -> 0 | P212: =IF(D212="SPUR-SILO",E212,0) -> 0 | Q212: =IF(D212="SPUR-DB",E212,0) -> 0 | S212: =IF(F212>0,1,0)+S213 -> 53 | T212: =IF(G212>0,1,0)+T213 -> 38 | U212: =IF(H212>0,1,0)+U213 -> 21 | V212: =IF(I212>0,1,0)+V213 -> 23 | W212: =IF(J212>0,1,0)+W213 -> 103 | X212: =IF(K212>0,1,0)+X213 -> 93 | Y212: =IF(L212>0,1,0)+Y213 -> 36 | Z212: =IF(M212>0,1,0)+Z213 -> 30 | ... AD212: =IF(Q212>0,1,0)+AD213 -> 26 | AF212: =IF(S212<=$AT$1,F212,0) -> 0 | AG212: =IF(T212<=$AT$1,G212,0) -> 0 | AH212: =IF(U212<=$AT$1,H212,0) -> 0 | AI212: =IF(V212<=$AT$1,I212,0) -> 0 | AJ212: =IF(W212<=$AT$1,J212,0) -> 0 | AK212: =IF(X212<=$AT$1,K212,0) -> 0 | AL212: =IF(Y212<=$AT$1,L212,0) -> 0 | AM212: =IF(Z212<=$AT$1,M212,0) -> 0 | ... AQ212: =IF(AD212<=$AT$1,Q212,0) -> 0
A213: 10 | B213: 04.05.2024 | C213: MGBK-09 | D213: SPUR-DB | E213: 3389.431 | F213: =IF(D213="SPUR-01",E213,0) -> 0 | G213: =IF(D213="SPUR-02",E213,0) -> 0 | H213: =IF(D213="SPUR-03",E213,0) -> 0 | I213: =IF(D213="SPUR-04",E213,0) -> 0 | J213: =IF(D213="SPUR-05",E213,0) -> 0 | K213: =IF(D213="SPUR-06",E213,0) -> 0 | L213: =IF(D213="SPUR-07",E213,0) -> 0 | M213: =IF(D213="SPUR-08",E213,0) -> 0 | N213: =IF(D213="SPUR-09",E213,0) -> 0 | O213: =IF(D213="SPUR-10",E213,0) -> 0 | P213: =IF(D213="SPUR-SILO",E213,0) -> 0 | Q213: =IF(D213="SPUR-DB",E213,0) -> 3389.431 | S213: =IF(F213>0,1,0)+S217 -> 53 | T213: =IF(G213>0,1,0)+T217 -> 38 | U213: =IF(H213>0,1,0)+U217 -> 21 | V213: =IF(I213>0,1,0)+V217 -> 23 | W213: =IF(J213>0,1,0)+W217 -> 103 | X213: =IF(K213>0,1,0)+X217 -> 93 | Y213: =IF(L213>0,1,0)+Y217 -> 36 | Z213: =IF(M213>0,1,0)+Z217 -> 30 | ... AD213: =IF(Q213>0,1,0)+AD217 -> 26 | AF213: =IF(S213<=$AT$1,F213,0) -> 0 | AG213: =IF(T213<=$AT$1,G213,0) -> 0 | AH213: =IF(U213<=$AT$1,H213,0) -> 0 | AI213: =IF(V213<=$AT$1,I213,0) -> 0 | AJ213: =IF(W213<=$AT$1,J213,0) -> 0 | AK213: =IF(X213<=$AT$1,K213,0) -> 0 | AL213: =IF(Y213<=$AT$1,L213,0) -> 0 | AM213: =IF(Z213<=$AT$1,M213,0) -> 0 | ... AQ213: =IF(AD213<=$AT$1,Q213,0) -> 0
A214: 11 | B214: 04.05.2024 | C214: MGBK-13 | D214: SPUR-05 | E214: 2941.4985
A215: 12 | B215: 04.05.2024 | C215: MGBK-11 | D215: SPUR-DB | E215: 3159.0752
A216: 13 | B216: 04.05.2024 | C216: MGBK-12 | D216: SPUR-SILO | E216: 3451.0426
A217: 14 | B217: 05.05.2024 | C217: MGBK-14 | D217: SPUR-6 | E217: 2931.489 | F217: =IF(D217="SPUR-01",E217,0) -> 0 | G217: =IF(D217="SPUR-02",E217,0) -> 0 | H217: =IF(D217="SPUR-03",E217,0) -> 0 | I217: =IF(D217="SPUR-04",E217,0) -> 0 | J217: =IF(D217="SPUR-05",E217,0) -> 0 | K217: =IF(D217="SPUR-06",E217,0) -> 0 | L217: =IF(D217="SPUR-07",E217,0) -> 0 | M217: =IF(D217="SPUR-08",E217,0) -> 0 | N217: =IF(D217="SPUR-09",E217,0) -> 0 | O217: =IF(D217="SPUR-10",E217,0) -> 0 | P217: =IF(D217="SPUR-SILO",E217,0) -> 0 | Q217: =IF(D217="SPUR-DB",E217,0) -> 0 | S217: =IF(F217>0,1,0)+S218 -> 53 | T217: =IF(G217>0,1,0)+T218 -> 38 | U217: =IF(H217>0,1,0)+U218 -> 21 | V217: =IF(I217>0,1,0)+V218 -> 23 | W217: =IF(J217>0,1,0)+W218 -> 103 | X217: =IF(K217>0,1,0)+X218 -> 93 | Y217: =IF(L217>0,1,0)+Y218 -> 36 | Z217: =IF(M217>0,1,0)+Z218 -> 30 | ... AD217: =IF(Q217>0,1,0)+AD218 -> 25 | AF217: =IF(S217<=$AT$1,F217,0) -> 0 | AG217: =IF(T217<=$AT$1,G217,0) -> 0 | AH217: =IF(U217<=$AT$1,H217,0) -> 0 | AI217: =IF(V217<=$AT$1,I217,0) -> 0 | AJ217: =IF(W217<=$AT$1,J217,0) -> 0 | AK217: =IF(X217<=$AT$1,K217,0) -> 0 | AL217: =IF(Y217<=$AT$1,L217,0) -> 0 | AM217: =IF(Z217<=$AT$1,M217,0) -> 0 | ... AQ217: =IF(AD217<=$AT$1,Q217,0) -> 0
A218: 15 | B218: 05.05.2024 | C218: MGBK-15 | D218: SPUR-SILO | E218: 3185.6691 | F218: =IF(D218="SPUR-01",E218,0) -> 0 | G218: =IF(D218="SPUR-02",E218,0) -> 0 | H218: =IF(D218="SPUR-03",E218,0) -> 0 | I218: =IF(D218="SPUR-04",E218,0) -> 0 | J218: =IF(D218="SPUR-05",E218,0) -> 0 | K218: =IF(D218="SPUR-06",E218,0) -> 0 | L218: =IF(D218="SPUR-07",E218,0) -> 0 | M218: =IF(D218="SPUR-08",E218,0) -> 0 | N218: =IF(D218="SPUR-09",E218,0) -> 0 | O218: =IF(D218="SPUR-10",E218,0) -> 0 | P218: =IF(D218="SPUR-SILO",E218,0) -> 3185.6691 | Q218: =IF(D218="SPUR-DB",E218,0) -> 0 | S218: =IF(F218>0,1,0)+S219 -> 53 | T218: =IF(G218>0,1,0)+T219 -> 38 | U218: =IF(H218>0,1,0)+U219 -> 21 | V218: =IF(I218>0,1,0)+V219 -> 23 | W218: =IF(J218>0,1,0)+W219 -> 103 | X218: =IF(K218>0,1,0)+X219 -> 93 | Y218: =IF(L218>0,1,0)+Y219 -> 36 | Z218: =IF(M218>0,1,0)+Z219 -> 30 | ... AD218: =IF(Q218>0,1,0)+AD219 -> 25 | AF218: =IF(S218<=$AT$1,F218,0) -> 0 | AG218: =IF(T218<=$AT$1,G218,0) -> 0 | AH218: =IF(U218<=$AT$1,H218,0) -> 0 | AI218: =IF(V218<=$AT$1,I218,0) -> 0 | AJ218: =IF(W218<=$AT$1,J218,0) -> 0 | AK218: =IF(X218<=$AT$1,K218,0) -> 0 | AL218: =IF(Y218<=$AT$1,L218,0) -> 0 | AM218: =IF(Z218<=$AT$1,M218,0) -> 0 | ... AQ218: =IF(AD218<=$AT$1,Q218,0) -> 0
A219: 16 | B219: 05.05.2024 | C219: MGBK-16 | D219: SPUR-DB | E219: 3088.6689 | F219: =IF(D219="SPUR-01",E219,0) -> 0 | G219: =IF(D219="SPUR-02",E219,0) -> 0 | H219: =IF(D219="SPUR-03",E219,0) -> 0 | I219: =IF(D219="SPUR-04",E219,0) -> 0 | J219: =IF(D219="SPUR-05",E219,0) -> 0 | K219: =IF(D219="SPUR-06",E219,0) -> 0 | L219: =IF(D219="SPUR-07",E219,0) -> 0 | M219: =IF(D219="SPUR-08",E219,0) -> 0 | N219: =IF(D219="SPUR-09",E219,0) -> 0 | O219: =IF(D219="SPUR-10",E219,0) -> 0 | P219: =IF(D219="SPUR-SILO",E219,0) -> 0 | Q219: =IF(D219="SPUR-DB",E219,0) -> 3088.6689 | S219: =IF(F219>0,1,0)+S220 -> 53 | T219: =IF(G219>0,1,0)+T220 -> 38 | U219: =IF(H219>0,1,0)+U220 -> 21 | V219: =IF(I219>0,1,0)+V220 -> 23 | W219: =IF(J219>0,1,0)+W220 -> 103 | X219: =IF(K219>0,1,0)+X220 -> 93 | Y219: =IF(L219>0,1,0)+Y220 -> 36 | Z219: =IF(M219>0,1,0)+Z220 -> 30 | ... AD219: =IF(Q219>0,1,0)+AD220 -> 25 | AF219: =IF(S219<=$AT$1,F219,0) -> 0 | AG219: =IF(T219<=$AT$1,G219,0) -> 0 | AH219: =IF(U219<=$AT$1,H219,0) -> 0 | AI219: =IF(V219<=$AT$1,I219,0) -> 0 | AJ219: =IF(W219<=$AT$1,J219,0) -> 0 | AK219: =IF(X219<=$AT$1,K219,0) -> 0 | AL219: =IF(Y219<=$AT$1,L219,0) -> 0 | AM219: =IF(Z219<=$AT$1,M219,0) -> 0 | ... AQ219: =IF(AD219<=$AT$1,Q219,0) -> 0
A220: 17 | B220: 06.05.2024 | C220: MGBK-18 | D220: SPUR-06 | E220: 3199.0783 | F220: =IF(D220="SPUR-01",E220,0) -> 0 | G220: =IF(D220="SPUR-02",E220,0) -> 0 | H220: =IF(D220="SPUR-03",E220,0) -> 0 | I220: =IF(D220="SPUR-04",E220,0) -> 0 | J220: =IF(D220="SPUR-05",E220,0) -> 0 | K220: =IF(D220="SPUR-06",E220,0) -> 3199.0783 | L220: =IF(D220="SPUR-07",E220,0) -> 0 | M220: =IF(D220="SPUR-08",E220,0) -> 0 | N220: =IF(D220="SPUR-09",E220,0) -> 0 | O220: =IF(D220="SPUR-10",E220,0) -> 0 | P220: =IF(D220="SPUR-SILO",E220,0) -> 0 | Q220: =IF(D220="SPUR-DB",E220,0) -> 0 | S220: =IF(F220>0,1,0)+S221 -> 53 | T220: =IF(G220>0,1,0)+T221 -> 38 | U220: =IF(H220>0,1,0)+U221 -> 21 | V220: =IF(I220>0,1,0)+V221 -> 23 | W220: =IF(J220>0,1,0)+W221 -> 103 | X220: =IF(K220>0,1,0)+X221 -> 93 | Y220: =IF(L220>0,1,0)+Y221 -> 36 | Z220: =IF(M220>0,1,0)+Z221 -> 30 | ... AD220: =IF(Q220>0,1,0)+AD221 -> 24 | AF220: =IF(S220<=$AT$1,F220,0) -> 0 | AG220: =IF(T220<=$AT$1,G220,0) -> 0 | AH220: =IF(U220<=$AT$1,H220,0) -> 0 | AI220: =IF(V220<=$AT$1,I220,0) -> 0 | AJ220: =IF(W220<=$AT$1,J220,0) -> 0 | AK220: =IF(X220<=$AT$1,K220,0) -> 0 | AL220: =IF(Y220<=$AT$1,L220,0) -> 0 | AM220: =IF(Z220<=$AT$1,M220,0) -> 0 | ... AQ220: =IF(AD220<=$AT$1,Q220,0) -> 0
A221: 18 | B221: 06.05.2024 | C221: MGBK-17 | D221: SPUR-SILO | E221: 3247.1296 | F221: =IF(D221="SPUR-01",E221,0) -> 0 | G221: =IF(D221="SPUR-02",E221,0) -> 0 | H221: =IF(D221="SPUR-03",E221,0) -> 0 | I221: =IF(D221="SPUR-04",E221,0) -> 0 | J221: =IF(D221="SPUR-05",E221,0) -> 0 | K221: =IF(D221="SPUR-06",E221,0) -> 0 | L221: =IF(D221="SPUR-07",E221,0) -> 0 | M221: =IF(D221="SPUR-08",E221,0) -> 0 | N221: =IF(D221="SPUR-09",E221,0) -> 0 | O221: =IF(D221="SPUR-10",E221,0) -> 0 | P221: =IF(D221="SPUR-SILO",E221,0) -> 3247.1296 | Q221: =IF(D221="SPUR-DB",E221,0) -> 0 | S221: =IF(F221>0,1,0)+S222 -> 53 | T221: =IF(G221>0,1,0)+T222 -> 38 | U221: =IF(H221>0,1,0)+U222 -> 21 | V221: =IF(I221>0,1,0)+V222 -> 23 | W221: =IF(J221>0,1,0)+W222 -> 103 | X221: =IF(K221>0,1,0)+X222 -> 92 | Y221: =IF(L221>0,1,0)+Y222 -> 36 | Z221: =IF(M221>0,1,0)+Z222 -> 30 | ... AD221: =IF(Q221>0,1,0)+AD222 -> 24 | AF221: =IF(S221<=$AT$1,F221,0) -> 0 | AG221: =IF(T221<=$AT$1,G221,0) -> 0 | AH221: =IF(U221<=$AT$1,H221,0) -> 0 | AI221: =IF(V221<=$AT$1,I221,0) -> 0 | AJ221: =IF(W221<=$AT$1,J221,0) -> 0 | AK221: =IF(X221<=$AT$1,K221,0) -> 0 | AL221: =IF(Y221<=$AT$1,L221,0) -> 0 | AM221: =IF(Z221<=$AT$1,M221,0) -> 0 | ... AQ221: =IF(AD221<=$AT$1,Q221,0) -> 0
A222: 19 | B222: 06.05.2024 | C222: MGBK-19 | D222: SPUR-DB | E222: 3465.9836 | F222: =IF(D222="SPUR-01",E222,0) -> 0 | G222: =IF(D222="SPUR-02",E222,0) -> 0 | H222: =IF(D222="SPUR-03",E222,0) -> 0 | I222: =IF(D222="SPUR-04",E222,0) -> 0 | J222: =IF(D222="SPUR-05",E222,0) -> 0 | K222: =IF(D222="SPUR-06",E222,0) -> 0 | L222: =IF(D222="SPUR-07",E222,0) -> 0 | M222: =IF(D222="SPUR-08",E222,0) -> 0 | N222: =IF(D222="SPUR-09",E222,0) -> 0 | O222: =IF(D222="SPUR-10",E222,0) -> 0 | P222: =IF(D222="SPUR-SILO",E222,0) -> 0 | Q222: =IF(D222="SPUR-DB",E222,0) -> 3465.9836 | S222: =IF(F222>0,1,0)+S223 -> 53 | T222: =IF(G222>0,1,0)+T223 -> 38 | U222: =IF(H222>0,1,0)+U223 -> 21 | V222: =IF(I222>0,1,0)+V223 -> 23 | W222: =IF(J222>0,1,0)+W223 -> 103 | X222: =IF(K222>0,1,0)+X223 -> 92 | Y222: =IF(L222>0,1,0)+Y223 -> 36 | Z222: =IF(M222>0,1,0)+Z223 -> 30 | ... AD222: =IF(Q222>0,1,0)+AD223 -> 24 | AF222: =IF(S222<=$AT$1,F222,0) -> 0 | AG222: =IF(T222<=$AT$1,G222,0) -> 0 | AH222: =IF(U222<=$AT$1,H222,0) -> 0 | AI222: =IF(V222<=$AT$1,I222,0) -> 0 | AJ222: =IF(W222<=$AT$1,J222,0) -> 0 | AK222: =IF(X222<=$AT$1,K222,0) -> 0 | AL222: =IF(Y222<=$AT$1,L222,0) -> 0 | AM222: =IF(Z222<=$AT$1,M222,0) -> 0 | ... AQ222: =IF(AD222<=$AT$1,Q222,0) -> 0
A223: 20 | B223: 08.05.2024 | C223: MGBK-20 | D223: SPUR-08 | E223: 3640.7989 | F223: =IF(D223="SPUR-01",E223,0) -> 0 | G223: =IF(D223="SPUR-02",E223,0) -> 0 | H223: =IF(D223="SPUR-03",E223,0) -> 0 | I223: =IF(D223="SPUR-04",E223,0) -> 0 | J223: =IF(D223="SPUR-05",E223,0) -> 0 | K223: =IF(D223="SPUR-06",E223,0) -> 0 | L223: =IF(D223="SPUR-07",E223,0) -> 0 | M223: =IF(D223="SPUR-08",E223,0) -> 3640.7989 | N223: =IF(D223="SPUR-09",E223,0) -> 0 | O223: =IF(D223="SPUR-10",E223,0) -> 0 | P223: =IF(D223="SPUR-SILO",E223,0) -> 0 | Q223: =IF(D223="SPUR-DB",E223,0) -> 0 | S223: =IF(F223>0,1,0)+S224 -> 53 | T223: =IF(G223>0,1,0)+T224 -> 38 | U223: =IF(H223>0,1,0)+U224 -> 21 | V223: =IF(I223>0,1,0)+V224 -> 23 | W223: =IF(J223>0,1,0)+W224 -> 103 | X223: =IF(K223>0,1,0)+X224 -> 92 | Y223: =IF(L223>0,1,0)+Y224 -> 36 | Z223: =IF(M223>0,1,0)+Z224 -> 30 | ... AD223: =IF(Q223>0,1,0)+AD224 -> 23 | AF223: =IF(S223<=$AT$1,F223,0) -> 0 | AG223: =IF(T223<=$AT$1,G223,0) -> 0 | AH223: =IF(U223<=$AT$1,H223,0) -> 0 | AI223: =IF(V223<=$AT$1,I223,0) -> 0 | AJ223: =IF(W223<=$AT$1,J223,0) -> 0 | AK223: =IF(X223<=$AT$1,K223,0) -> 0 | AL223: =IF(Y223<=$AT$1,L223,0) -> 0 | AM223: =IF(Z223<=$AT$1,M223,0) -> 0 | ... AQ223: =IF(AD223<=$AT$1,Q223,0) -> 0
A224: 21 | B224: 08.05.2024 | C224: MGBK-21 | D224: SPUR-07 | E224: 3217.5587 | F224: =IF(D224="SPUR-01",E224,0) -> 0 | G224: =IF(D224="SPUR-02",E224,0) -> 0 | H224: =IF(D224="SPUR-03",E224,0) -> 0 | I224: =IF(D224="SPUR-04",E224,0) -> 0 | J224: =IF(D224="SPUR-05",E224,0) -> 0 | K224: =IF(D224="SPUR-06",E224,0) -> 0 | L224: =IF(D224="SPUR-07",E224,0) -> 3217.5587 | M224: =IF(D224="SPUR-08",E224,0) -> 0 | N224: =IF(D224="SPUR-09",E224,0) -> 0 | O224: =IF(D224="SPUR-10",E224,0) -> 0 | P224: =IF(D224="SPUR-SILO",E224,0) -> 0 | Q224: =IF(D224="SPUR-DB",E224,0) -> 0 | S224: =IF(F224>0,1,0)+S225 -> 53 | T224: =IF(G224>0,1,0)+T225 -> 38 | U224: =IF(H224>0,1,0)+U225 -> 21 | V224: =IF(I224>0,1,0)+V225 -> 23 | W224: =IF(J224>0,1,0)+W225 -> 103 | X224: =IF(K224>0,1,0)+X225 -> 92 | Y224: =IF(L224>0,1,0)+Y225 -> 36 | Z224: =IF(M224>0,1,0)+Z225 -> 29 | ... AD224: =IF(Q224>0,1,0)+AD225 -> 23 | AF224: =IF(S224<=$AT$1,F224,0) -> 0 | AG224: =IF(T224<=$AT$1,G224,0) -> 0 | AH224: =IF(U224<=$AT$1,H224,0) -> 0 | AI224: =IF(V224<=$AT$1,I224,0) -> 0 | AJ224: =IF(W224<=$AT$1,J224,0) -> 0 | AK224: =IF(X224<=$AT$1,K224,0) -> 0 | AL224: =IF(Y224<=$AT$1,L224,0) -> 0 | AM224: =IF(Z224<=$AT$1,M224,0) -> 0 | ... AQ224: =IF(AD224<=$AT$1,Q224,0) -> 0
A225: 22 | B225: 08.05.2024 | C225: MGBK-23 | D225: SPUR-05 | E225: 3616.0363 | F225: =IF(D225="SPUR-01",E225,0) -> 0 | G225: =IF(D225="SPUR-02",E225,0) -> 0 | H225: =IF(D225="SPUR-03",E225,0) -> 0 | I225: =IF(D225="SPUR-04",E225,0) -> 0 | J225: =IF(D225="SPUR-05",E225,0) -> 3616.0363 | K225: =IF(D225="SPUR-06",E225,0) -> 0 | L225: =IF(D225="SPUR-07",E225,0) -> 0 | M225: =IF(D225="SPUR-08",E225,0) -> 0 | N225: =IF(D225="SPUR-09",E225,0) -> 0 | O225: =IF(D225="SPUR-10",E225,0) -> 0 | P225: =IF(D225="SPUR-SILO",E225,0) -> 0 | Q225: =IF(D225="SPUR-DB",E225,0) -> 0 | S225: =IF(F225>0,1,0)+S226 -> 53 | T225: =IF(G225>0,1,0)+T226 -> 38 | U225: =IF(H225>0,1,0)+U226 -> 21 | V225: =IF(I225>0,1,0)+V226 -> 23 | W225: =IF(J225>0,1,0)+W226 -> 103 | X225: =IF(K225>0,1,0)+X226 -> 92 | Y225: =IF(L225>0,1,0)+Y226 -> 35 | Z225: =IF(M225>0,1,0)+Z226 -> 29 | ... AD225: =IF(Q225>0,1,0)+AD226 -> 23 | AF225: =IF(S225<=$AT$1,F225,0) -> 0 | AG225: =IF(T225<=$AT$1,G225,0) -> 0 | AH225: =IF(U225<=$AT$1,H225,0) -> 0 | AI225: =IF(V225<=$AT$1,I225,0) -> 0 | AJ225: =IF(W225<=$AT$1,J225,0) -> 0 | AK225: =IF(X225<=$AT$1,K225,0) -> 0 | AL225: =IF(Y225<=$AT$1,L225,0) -> 0 | AM225: =IF(Z225<=$AT$1,M225,0) -> 0 | ... AQ225: =IF(AD225<=$AT$1,Q225,0) -> 0
A226: 23 | B226: 08.05.2024 | C226: MGBK-22 | D226: SPUR-DB | E226: 2721.7874 | F226: =IF(D226="SPUR-01",E226,0) -> 0 | G226: =IF(D226="SPUR-02",E226,0) -> 0 | H226: =IF(D226="SPUR-03",E226,0) -> 0 | I226: =IF(D226="SPUR-04",E226,0) -> 0 | J226: =IF(D226="SPUR-05",E226,0) -> 0 | K226: =IF(D226="SPUR-06",E226,0) -> 0 | L226: =IF(D226="SPUR-07",E226,0) -> 0 | M226: =IF(D226="SPUR-08",E226,0) -> 0 | N226: =IF(D226="SPUR-09",E226,0) -> 0 | O226: =IF(D226="SPUR-10",E226,0) -> 0 | P226: =IF(D226="SPUR-SILO",E226,0) -> 0 | Q226: =IF(D226="SPUR-DB",E226,0) -> 2721.7874 | S226: =IF(F226>0,1,0)+S227 -> 53 | T226: =IF(G226>0,1,0)+T227 -> 38 | U226: =IF(H226>0,1,0)+U227 -> 21 | V226: =IF(I226>0,1,0)+V227 -> 23 | W226: =IF(J226>0,1,0)+W227 -> 102 | X226: =IF(K226>0,1,0)+X227 -> 92 | Y226: =IF(L226>0,1,0)+Y227 -> 35 | Z226: =IF(M226>0,1,0)+Z227 -> 29 | ... AD226: =IF(Q226>0,1,0)+AD227 -> 23 | AF226: =IF(S226<=$AT$1,F226,0) -> 0 | AG226: =IF(T226<=$AT$1,G226,0) -> 0 | AH226: =IF(U226<=$AT$1,H226,0) -> 0 | AI226: =IF(V226<=$AT$1,I226,0) -> 0 | AJ226: =IF(W226<=$AT$1,J226,0) -> 0 | AK226: =IF(X226<=$AT$1,K226,0) -> 0 | AL226: =IF(Y226<=$AT$1,L226,0) -> 0 | AM226: =IF(Z226<=$AT$1,M226,0) -> 0 | ... AQ226: =IF(AD226<=$AT$1,Q226,0) -> 0
A227: 24 | B227: 08.05.2024 | C227: NMGBK-1 | D227: SPUR-SENDOZ | E227: 3512.4442 | F227: =IF(D227="SPUR-01",E227,0) -> 0 | G227: =IF(D227="SPUR-02",E227,0) -> 0 | H227: =IF(D227="SPUR-03",E227,0) -> 0 | I227: =IF(D227="SPUR-04",E227,0) -> 0 | J227: =IF(D227="SPUR-05",E227,0) -> 0 | K227: =IF(D227="SPUR-06",E227,0) -> 0 | L227: =IF(D227="SPUR-07",E227,0) -> 0 | M227: =IF(D227="SPUR-08",E227,0) -> 0 | N227: =IF(D227="SPUR-09",E227,0) -> 0 | O227: =IF(D227="SPUR-10",E227,0) -> 0 | P227: =IF(D227="SPUR-SILO",E227,0) -> 0 | Q227: =IF(D227="SPUR-DB",E227,0) -> 0 | S227: =IF(F227>0,1,0)+S228 -> 53 | T227: =IF(G227>0,1,0)+T228 -> 38 | U227: =IF(H227>0,1,0)+U228 -> 21 | V227: =IF(I227>0,1,0)+V228 -> 23 | W227: =IF(J227>0,1,0)+W228 -> 102 | X227: =IF(K227>0,1,0)+X228 -> 92 | Y227: =IF(L227>0,1,0)+Y228 -> 35 | Z227: =IF(M227>0,1,0)+Z228 -> 29 | ... AD227: =IF(Q227>0,1,0)+AD228 -> 22 | AF227: =IF(S227<=$AT$1,F227,0) -> 0 | AG227: =IF(T227<=$AT$1,G227,0) -> 0 | AH227: =IF(U227<=$AT$1,H227,0) -> 0 | AI227: =IF(V227<=$AT$1,I227,0) -> 0 | AJ227: =IF(W227<=$AT$1,J227,0) -> 0 | AK227: =IF(X227<=$AT$1,K227,0) -> 0 | AL227: =IF(Y227<=$AT$1,L227,0) -> 0 | AM227: =IF(Z227<=$AT$1,M227,0) -> 0 | ... AQ227: =IF(AD227<=$AT$1,Q227,0) -> 0
A228: 25 | B228: 09.05.2024 | C228: MGBK-25 | D228: SPUR-08 | E228: 3214.8162 | F228: =IF(D228="SPUR-01",E228,0) -> 0 | G228: =IF(D228="SPUR-02",E228,0) -> 0 | H228: =IF(D228="SPUR-03",E228,0) -> 0 | I228: =IF(D228="SPUR-04",E228,0) -> 0 | J228: =IF(D228="SPUR-05",E228,0) -> 0 | K228: =IF(D228="SPUR-06",E228,0) -> 0 | L228: =IF(D228="SPUR-07",E228,0) -> 0 | M228: =IF(D228="SPUR-08",E228,0) -> 3214.8162 | N228: =IF(D228="SPUR-09",E228,0) -> 0 | O228: =IF(D228="SPUR-10",E228,0) -> 0 | P228: =IF(D228="SPUR-SILO",E228,0) -> 0 | Q228: =IF(D228="SPUR-DB",E228,0) -> 0 | S228: =IF(F228>0,1,0)+S229 -> 53 | T228: =IF(G228>0,1,0)+T229 -> 38 | U228: =IF(H228>0,1,0)+U229 -> 21 | V228: =IF(I228>0,1,0)+V229 -> 23 | W228: =IF(J228>0,1,0)+W229 -> 102 | X228: =IF(K228>0,1,0)+X229 -> 92 | Y228: =IF(L228>0,1,0)+Y229 -> 35 | Z228: =IF(M228>0,1,0)+Z229 -> 29 | ... AD228: =IF(Q228>0,1,0)+AD229 -> 22 | AF228: =IF(S228<=$AT$1,F228,0) -> 0 | AG228: =IF(T228<=$AT$1,G228,0) -> 0 | AH228: =IF(U228<=$AT$1,H228,0) -> 0 | AI228: =IF(V228<=$AT$1,I228,0) -> 0 | AJ228: =IF(W228<=$AT$1,J228,0) -> 0 | AK228: =IF(X228<=$AT$1,K228,0) -> 0 | AL228: =IF(Y228<=$AT$1,L228,0) -> 0 | AM228: =IF(Z228<=$AT$1,M228,0) -> 0 | ... AQ228: =IF(AD228<=$AT$1,Q228,0) -> 0
... A247: 44 | B247: 15.05.2024 | C247: MGBK-40 | D247: SPUR-08 | E247: 3180.6532 | F247: =IF(D247="SPUR-01",E247,0) -> 0 | G247: =IF(D247="SPUR-02",E247,0) -> 0 | H247: =IF(D247="SPUR-03",E247,0) -> 0 | I247: =IF(D247="SPUR-04",E247,0) -> 0 | J247: =IF(D247="SPUR-05",E247,0) -> 0 | K247: =IF(D247="SPUR-06",E247,0) -> 0 | L247: =IF(D247="SPUR-07",E247,0) -> 0 | M247: =IF(D247="SPUR-08",E247,0) -> 3180.6532 | N247: =IF(D247="SPUR-09",E247,0) -> 0 | O247: =IF(D247="SPUR-10",E247,0) -> 0 | P247: =IF(D247="SPUR-SILO",E247,0) -> 0 | Q247: =IF(D247="SPUR-DB",E247,0) -> 0 | S247: =IF(F247>0,1,0)+S248 -> 52 | T247: =IF(G247>0,1,0)+T248 -> 38 | U247: =IF(H247>0,1,0)+U248 -> 20 | V247: =IF(I247>0,1,0)+V248 -> 23 | W247: =IF(J247>0,1,0)+W248 -> 102 | X247: =IF(K247>0,1,0)+X248 -> 90 | Y247: =IF(L247>0,1,0)+Y248 -> 33 | Z247: =IF(M247>0,1,0)+Z248 -> 25 | ... AD247: =IF(Q247>0,1,0)+AD248 -> 17 | AF247: =IF(S247<=$AT$1,F247,0) -> 0 | AG247: =IF(T247<=$AT$1,G247,0) -> 0 | AH247: =IF(U247<=$AT$1,H247,0) -> 0 | AI247: =IF(V247<=$AT$1,I247,0) -> 0 | AJ247: =IF(W247<=$AT$1,J247,0) -> 0 | AK247: =IF(X247<=$AT$1,K247,0) -> 0 | AL247: =IF(Y247<=$AT$1,L247,0) -> 0 | AM247: =IF(Z247<=$AT$1,M247,0) -> 0 | ... AQ247: =IF(AD247<=$AT$1,Q247,0) -> 0
A248: 45 | B248: 15.05.2024 | C248: MGBK-42 | D248: SPUR-04 | E248: 3271.7612 | F248: =IF(D248="SPUR-01",E248,0) -> 0 | G248: =IF(D248="SPUR-02",E248,0) -> 0 | H248: =IF(D248="SPUR-03",E248,0) -> 0 | I248: =IF(D248="SPUR-04",E248,0) -> 3271.7612 | J248: =IF(D248="SPUR-05",E248,0) -> 0 | K248: =IF(D248="SPUR-06",E248,0) -> 0 | L248: =IF(D248="SPUR-07",E248,0) -> 0 | M248: =IF(D248="SPUR-08",E248,0) -> 0 | N248: =IF(D248="SPUR-09",E248,0) -> 0 | O248: =IF(D248="SPUR-10",E248,0) -> 0 | P248: =IF(D248="SPUR-SILO",E248,0) -> 0 | Q248: =IF(D248="SPUR-DB",E248,0) -> 0 | S248: =IF(F248>0,1,0)+S250 -> 52 | T248: =IF(G248>0,1,0)+T250 -> 38 | U248: =IF(H248>0,1,0)+U250 -> 20 | V248: =IF(I248>0,1,0)+V250 -> 23 | W248: =IF(J248>0,1,0)+W250 -> 102 | X248: =IF(K248>0,1,0)+X250 -> 90 | Y248: =IF(L248>0,1,0)+Y250 -> 33 | Z248: =IF(M248>0,1,0)+Z250 -> 24 | ... AD248: =IF(Q248>0,1,0)+AD250 -> 17 | AF248: =IF(S248<=$AT$1,F248,0) -> 0 | AG248: =IF(T248<=$AT$1,G248,0) -> 0 | AH248: =IF(U248<=$AT$1,H248,0) -> 0 | AI248: =IF(V248<=$AT$1,I248,0) -> 0 | AJ248: =IF(W248<=$AT$1,J248,0) -> 0 | AK248: =IF(X248<=$AT$1,K248,0) -> 0 | AL248: =IF(Y248<=$AT$1,L248,0) -> 0 | AM248: =IF(Z248<=$AT$1,M248,0) -> 0 | ... AQ248: =IF(AD248<=$AT$1,Q248,0) -> 0
A249: 46 | B249: 15.05.2024 | C249: NMGBK-4 | D249: SPUR-SENDOZ | E249: 3433.4133
A250: 47 | B250: 16.05.2024 | C250: MGBK-44 | D250: SPUR-04 | E250: 3072.782 | F250: =IF(D250="SPUR-01",E250,0) -> 0 | G250: =IF(D250="SPUR-02",E250,0) -> 0 | H250: =IF(D250="SPUR-03",E250,0) -> 0 | I250: =IF(D250="SPUR-04",E250,0) -> 3072.782 | J250: =IF(D250="SPUR-05",E250,0) -> 0 | K250: =IF(D250="SPUR-06",E250,0) -> 0 | L250: =IF(D250="SPUR-07",E250,0) -> 0 | M250: =IF(D250="SPUR-08",E250,0) -> 0 | N250: =IF(D250="SPUR-09",E250,0) -> 0 | O250: =IF(D250="SPUR-10",E250,0) -> 0 | P250: =IF(D250="SPUR-SILO",E250,0) -> 0 | Q250: =IF(D250="SPUR-DB",E250,0) -> 0 | S250: =IF(F250>0,1,0)+S251 -> 52 | T250: =IF(G250>0,1,0)+T251 -> 38 | U250: =IF(H250>0,1,0)+U251 -> 20 | V250: =IF(I250>0,1,0)+V251 -> 22 | W250: =IF(J250>0,1,0)+W251 -> 102 | X250: =IF(K250>0,1,0)+X251 -> 90 | Y250: =IF(L250>0,1,0)+Y251 -> 33 | Z250: =IF(M250>0,1,0)+Z251 -> 24 | ... AD250: =IF(Q250>0,1,0)+AD251 -> 17 | AF250: =IF(S250<=$AT$1,F250,0) -> 0 | AG250: =IF(T250<=$AT$1,G250,0) -> 0 | AH250: =IF(U250<=$AT$1,H250,0) -> 0 | AI250: =IF(V250<=$AT$1,I250,0) -> 0 | AJ250: =IF(W250<=$AT$1,J250,0) -> 0 | AK250: =IF(X250<=$AT$1,K250,0) -> 0 | AL250: =IF(Y250<=$AT$1,L250,0) -> 0 | AM250: =IF(Z250<=$AT$1,M250,0) -> 0 | ... AQ250: =IF(AD250<=$AT$1,Q250,0) -> 0
A251: 48 | B251: 16.05.2024 | C251: MGBK-43 | D251: SPUR-SILO | E251: 3383.6429 | F251: =IF(D251="SPUR-01",E251,0) -> 0 | G251: =IF(D251="SPUR-02",E251,0) -> 0 | H251: =IF(D251="SPUR-03",E251,0) -> 0 | I251: =IF(D251="SPUR-04",E251,0) -> 0 | J251: =IF(D251="SPUR-05",E251,0) -> 0 | K251: =IF(D251="SPUR-06",E251,0) -> 0 | L251: =IF(D251="SPUR-07",E251,0) -> 0 | M251: =IF(D251="SPUR-08",E251,0) -> 0 | N251: =IF(D251="SPUR-09",E251,0) -> 0 | O251: =IF(D251="SPUR-10",E251,0) -> 0 | P251: =IF(D251="SPUR-SILO",E251,0) -> 3383.6429 | Q251: =IF(D251="SPUR-DB",E251,0) -> 0 | S251: =IF(F251>0,1,0)+S252 -> 52 | T251: =IF(G251>0,1,0)+T252 -> 38 | U251: =IF(H251>0,1,0)+U252 -> 20 | V251: =IF(I251>0,1,0)+V252 -> 21 | W251: =IF(J251>0,1,0)+W252 -> 102 | X251: =IF(K251>0,1,0)+X252 -> 90 | Y251: =IF(L251>0,1,0)+Y252 -> 33 | Z251: =IF(M251>0,1,0)+Z252 -> 24 | ... AD251: =IF(Q251>0,1,0)+AD252 -> 17 | AF251: =IF(S251<=$AT$1,F251,0) -> 0 | AG251: =IF(T251<=$AT$1,G251,0) -> 0 | AH251: =IF(U251<=$AT$1,H251,0) -> 0 | AI251: =IF(V251<=$AT$1,I251,0) -> 0 | AJ251: =IF(W251<=$AT$1,J251,0) -> 0 | AK251: =IF(X251<=$AT$1,K251,0) -> 0 | AL251: =IF(Y251<=$AT$1,L251,0) -> 0 | AM251: =IF(Z251<=$AT$1,M251,0) -> 0 | ... AQ251: =IF(AD251<=$AT$1,Q251,0) -> 0
A252: 49 | B252: 16.05.2024 | C252: MGBK-45 | D252: SPUR-DB | E252: 3288.8937 | F252: =IF(D252="SPUR-01",E252,0) -> 0 | G252: =IF(D252="SPUR-02",E252,0) -> 0 | H252: =IF(D252="SPUR-03",E252,0) -> 0 | I252: =IF(D252="SPUR-04",E252,0) -> 0 | J252: =IF(D252="SPUR-05",E252,0) -> 0 | K252: =IF(D252="SPUR-06",E252,0) -> 0 | L252: =IF(D252="SPUR-07",E252,0) -> 0 | M252: =IF(D252="SPUR-08",E252,0) -> 0 | N252: =IF(D252="SPUR-09",E252,0) -> 0 | O252: =IF(D252="SPUR-10",E252,0) -> 0 | P252: =IF(D252="SPUR-SILO",E252,0) -> 0 | Q252: =IF(D252="SPUR-DB",E252,0) -> 3288.8937 | S252: =IF(F252>0,1,0)+S253 -> 52 | T252: =IF(G252>0,1,0)+T253 -> 38 | U252: =IF(H252>0,1,0)+U253 -> 20 | V252: =IF(I252>0,1,0)+V253 -> 21 | W252: =IF(J252>0,1,0)+W253 -> 102 | X252: =IF(K252>0,1,0)+X253 -> 90 | Y252: =IF(L252>0,1,0)+Y253 -> 33 | Z252: =IF(M252>0,1,0)+Z253 -> 24 | ... AD252: =IF(Q252>0,1,0)+AD253 -> 17 | AF252: =IF(S252<=$AT$1,F252,0) -> 0 | AG252: =IF(T252<=$AT$1,G252,0) -> 0 | AH252: =IF(U252<=$AT$1,H252,0) -> 0 | AI252: =IF(V252<=$AT$1,I252,0) -> 0 | AJ252: =IF(W252<=$AT$1,J252,0) -> 0 | AK252: =IF(X252<=$AT$1,K252,0) -> 0 | AL252: =IF(Y252<=$AT$1,L252,0) -> 0 | AM252: =IF(Z252<=$AT$1,M252,0) -> 0 | ... AQ252: =IF(AD252<=$AT$1,Q252,0) -> 0
A253: 50 | B253: 17.05.2024 | C253: MGBK-46 | D253: SPUR-06 | E253: 2779.8658 | F253: =IF(D253="SPUR-01",E253,0) -> 0 | G253: =IF(D253="SPUR-02",E253,0) -> 0 | H253: =IF(D253="SPUR-03",E253,0) -> 0 | I253: =IF(D253="SPUR-04",E253,0) -> 0 | J253: =IF(D253="SPUR-05",E253,0) -> 0 | K253: =IF(D253="SPUR-06",E253,0) -> 2779.8658 | L253: =IF(D253="SPUR-07",E253,0) -> 0 | M253: =IF(D253="SPUR-08",E253,0) -> 0 | N253: =IF(D253="SPUR-09",E253,0) -> 0 | O253: =IF(D253="SPUR-10",E253,0) -> 0 | P253: =IF(D253="SPUR-SILO",E253,0) -> 0 | Q253: =IF(D253="SPUR-DB",E253,0) -> 0 | S253: =IF(F253>0,1,0)+S254 -> 52 | T253: =IF(G253>0,1,0)+T254 -> 38 | U253: =IF(H253>0,1,0)+U254 -> 20 | V253: =IF(I253>0,1,0)+V254 -> 21 | W253: =IF(J253>0,1,0)+W254 -> 102 | X253: =IF(K253>0,1,0)+X254 -> 90 | Y253: =IF(L253>0,1,0)+Y254 -> 33 | Z253: =IF(M253>0,1,0)+Z254 -> 24 | ... AD253: =IF(Q253>0,1,0)+AD254 -> 16 | AF253: =IF(S253<=$AT$1,F253,0) -> 0 | AG253: =IF(T253<=$AT$1,G253,0) -> 0 | AH253: =IF(U253<=$AT$1,H253,0) -> 0 | AI253: =IF(V253<=$AT$1,I253,0) -> 0 | AJ253: =IF(W253<=$AT$1,J253,0) -> 0 | AK253: =IF(X253<=$AT$1,K253,0) -> 0 | AL253: =IF(Y253<=$AT$1,L253,0) -> 0 | AM253: =IF(Z253<=$AT$1,M253,0) -> 0 | ... AQ253: =IF(AD253<=$AT$1,Q253,0) -> 0
A254: 51 | B254: 17.05.2024 | C254: MGBK-48 | D254: SPUR-SILO | E254: 3243.4817 | F254: =IF(D254="SPUR-01",E254,0) -> 0 | G254: =IF(D254="SPUR-02",E254,0) -> 0 | H254: =IF(D254="SPUR-03",E254,0) -> 0 | I254: =IF(D254="SPUR-04",E254,0) -> 0 | J254: =IF(D254="SPUR-05",E254,0) -> 0 | K254: =IF(D254="SPUR-06",E254,0) -> 0 | L254: =IF(D254="SPUR-07",E254,0) -> 0 | M254: =IF(D254="SPUR-08",E254,0) -> 0 | N254: =IF(D254="SPUR-09",E254,0) -> 0 | O254: =IF(D254="SPUR-10",E254,0) -> 0 | P254: =IF(D254="SPUR-SILO",E254,0) -> 3243.4817 | Q254: =IF(D254="SPUR-DB",E254,0) -> 0 | S254: =IF(F254>0,1,0)+S255 -> 52 | T254: =IF(G254>0,1,0)+T255 -> 38 | U254: =IF(H254>0,1,0)+U255 -> 20 | V254: =IF(I254>0,1,0)+V255 -> 21 | W254: =IF(J254>0,1,0)+W255 -> 102 | X254: =IF(K254>0,1,0)+X255 -> 89 | Y254: =IF(L254>0,1,0)+Y255 -> 33 | Z254: =IF(M254>0,1,0)+Z255 -> 24 | ... AD254: =IF(Q254>0,1,0)+AD255 -> 16 | AF254: =IF(S254<=$AT$1,F254,0) -> 0 | AG254: =IF(T254<=$AT$1,G254,0) -> 0 | AH254: =IF(U254<=$AT$1,H254,0) -> 0 | AI254: =IF(V254<=$AT$1,I254,0) -> 0 | AJ254: =IF(W254<=$AT$1,J254,0) -> 0 | AK254: =IF(X254<=$AT$1,K254,0) -> 0 | AL254: =IF(Y254<=$AT$1,L254,0) -> 0 | AM254: =IF(Z254<=$AT$1,M254,0) -> 0 | ... AQ254: =IF(AD254<=$AT$1,Q254,0) -> 0
A255: 52 | B255: 17.05.2024 | C255: MGBK-47 | D255: SPUR-03 | E255: 2449.9996 | F255: =IF(D255="SPUR-01",E255,0) -> 0 | G255: =IF(D255="SPUR-02",E255,0) -> 0 | H255: =IF(D255="SPUR-03",E255,0) -> 2449.9996 | I255: =IF(D255="SPUR-04",E255,0) -> 0 | J255: =IF(D255="SPUR-05",E255,0) -> 0 | K255: =IF(D255="SPUR-06",E255,0) -> 0 | L255: =IF(D255="SPUR-07",E255,0) -> 0 | M255: =IF(D255="SPUR-08",E255,0) -> 0 | N255: =IF(D255="SPUR-09",E255,0) -> 0 | O255: =IF(D255="SPUR-10",E255,0) -> 0 | P255: =IF(D255="SPUR-SILO",E255,0) -> 0 | Q255: =IF(D255="SPUR-DB",E255,0) -> 0 | S255: =IF(F255>0,1,0)+S256 -> 52 | T255: =IF(G255>0,1,0)+T256 -> 38 | U255: =IF(H255>0,1,0)+U256 -> 20 | V255: =IF(I255>0,1,0)+V256 -> 21 | W255: =IF(J255>0,1,0)+W256 -> 102 | X255: =IF(K255>0,1,0)+X256 -> 89 | Y255: =IF(L255>0,1,0)+Y256 -> 33 | Z255: =IF(M255>0,1,0)+Z256 -> 24 | ... AD255: =IF(Q255>0,1,0)+AD256 -> 16 | AF255: =IF(S255<=$AT$1,F255,0) -> 0 | AG255: =IF(T255<=$AT$1,G255,0) -> 0 | AH255: =IF(U255<=$AT$1,H255,0) -> 0 | AI255: =IF(V255<=$AT$1,I255,0) -> 0 | AJ255: =IF(W255<=$AT$1,J255,0) -> 0 | AK255: =IF(X255<=$AT$1,K255,0) -> 0 | AL255: =IF(Y255<=$AT$1,L255,0) -> 0 | AM255: =IF(Z255<=$AT$1,M255,0) -> 0 | ... AQ255: =IF(AD255<=$AT$1,Q255,0) -> 0
A256: 53 | B256: 18.05.2024 | C256: MGBK-50 | D256: SPUR-06 | E256: 2533.5155 | F256: =IF(D256="SPUR-01",E256,0) -> 0 | G256: =IF(D256="SPUR-02",E256,0) -> 0 | H256: =IF(D256="SPUR-03",E256,0) -> 0 | I256: =IF(D256="SPUR-04",E256,0) -> 0 | J256: =IF(D256="SPUR-05",E256,0) -> 0 | K256: =IF(D256="SPUR-06",E256,0) -> 2533.5155 | L256: =IF(D256="SPUR-07",E256,0) -> 0 | M256: =IF(D256="SPUR-08",E256,0) -> 0 | N256: =IF(D256="SPUR-09",E256,0) -> 0 | O256: =IF(D256="SPUR-10",E256,0) -> 0 | P256: =IF(D256="SPUR-SILO",E256,0) -> 0 | Q256: =IF(D256="SPUR-DB",E256,0) -> 0 | S256: =IF(F256>0,1,0)+S257 -> 52 | T256: =IF(G256>0,1,0)+T257 -> 38 | U256: =IF(H256>0,1,0)+U257 -> 19 | V256: =IF(I256>0,1,0)+V257 -> 21 | W256: =IF(J256>0,1,0)+W257 -> 102 | X256: =IF(K256>0,1,0)+X257 -> 89 | Y256: =IF(L256>0,1,0)+Y257 -> 33 | Z256: =IF(M256>0,1,0)+Z257 -> 24 | ... AD256: =IF(Q256>0,1,0)+AD257 -> 16 | AF256: =IF(S256<=$AT$1,F256,0) -> 0 | AG256: =IF(T256<=$AT$1,G256,0) -> 0 | AH256: =IF(U256<=$AT$1,H256,0) -> 0 | AI256: =IF(V256<=$AT$1,I256,0) -> 0 | AJ256: =IF(W256<=$AT$1,J256,0) -> 0 | AK256: =IF(X256<=$AT$1,K256,0) -> 0 | AL256: =IF(Y256<=$AT$1,L256,0) -> 0 | AM256: =IF(Z256<=$AT$1,M256,0) -> 0 | ... AQ256: =IF(AD256<=$AT$1,Q256,0) -> 0
A257: 54 | B257: 18.05.2024 | C257: MGBK-51 | D257: SPUR-07 | E257: 3692.9463 | F257: =IF(D257="SPUR-01",E257,0) -> 0 | G257: =IF(D257="SPUR-02",E257,0) -> 0 | H257: =IF(D257="SPUR-03",E257,0) -> 0 | I257: =IF(D257="SPUR-04",E257,0) -> 0 | J257: =IF(D257="SPUR-05",E257,0) -> 0 | K257: =IF(D257="SPUR-06",E257,0) -> 0 | L257: =IF(D257="SPUR-07",E257,0) -> 3692.9463 | M257: =IF(D257="SPUR-08",E257,0) -> 0 | N257: =IF(D257="SPUR-09",E257,0) -> 0 | O257: =IF(D257="SPUR-10",E257,0) -> 0 | P257: =IF(D257="SPUR-SILO",E257,0) -> 0 | Q257: =IF(D257="SPUR-DB",E257,0) -> 0 | S257: =IF(F257>0,1,0)+S258 -> 52 | T257: =IF(G257>0,1,0)+T258 -> 38 | U257: =IF(H257>0,1,0)+U258 -> 19 | V257: =IF(I257>0,1,0)+V258 -> 21 | W257: =IF(J257>0,1,0)+W258 -> 102 | X257: =IF(K257>0,1,0)+X258 -> 88 | Y257: =IF(L257>0,1,0)+Y258 -> 33 | Z257: =IF(M257>0,1,0)+Z258 -> 24 | ... AD257: =IF(Q257>0,1,0)+AD258 -> 16 | AF257: =IF(S257<=$AT$1,F257,0) -> 0 | AG257: =IF(T257<=$AT$1,G257,0) -> 0 | AH257: =IF(U257<=$AT$1,H257,0) -> 0 | AI257: =IF(V257<=$AT$1,I257,0) -> 0 | AJ257: =IF(W257<=$AT$1,J257,0) -> 0 | AK257: =IF(X257<=$AT$1,K257,0) -> 0 | AL257: =IF(Y257<=$AT$1,L257,0) -> 0 | AM257: =IF(Z257<=$AT$1,M257,0) -> 0 | ... AQ257: =IF(AD257<=$AT$1,Q257,0) -> 0
A258: 55 | B258: 18.05.2024 | C258: MGBK-49 | D258: SPUR-08 | E258: 3165.2615 | F258: =IF(D258="SPUR-01",E258,0) -> 0 | G258: =IF(D258="SPUR-02",E258,0) -> 0 | H258: =IF(D258="SPUR-03",E258,0) -> 0 | I258: =IF(D258="SPUR-04",E258,0) -> 0 | J258: =IF(D258="SPUR-05",E258,0) -> 0 | K258: =IF(D258="SPUR-06",E258,0) -> 0 | L258: =IF(D258="SPUR-07",E258,0) -> 0 | M258: =IF(D258="SPUR-08",E258,0) -> 3165.2615 | N258: =IF(D258="SPUR-09",E258,0) -> 0 | O258: =IF(D258="SPUR-10",E258,0) -> 0 | P258: =IF(D258="SPUR-SILO",E258,0) -> 0 | Q258: =IF(D258="SPUR-DB",E258,0) -> 0 | S258: =IF(F258>0,1,0)+S259 -> 52 | T258: =IF(G258>0,1,0)+T259 -> 38 | U258: =IF(H258>0,1,0)+U259 -> 19 | V258: =IF(I258>0,1,0)+V259 -> 21 | W258: =IF(J258>0,1,0)+W259 -> 102 | X258: =IF(K258>0,1,0)+X259 -> 88 | Y258: =IF(L258>0,1,0)+Y259 -> 32 | Z258: =IF(M258>0,1,0)+Z259 -> 24 | ... AD258: =IF(Q258>0,1,0)+AD259 -> 16 | AF258: =IF(S258<=$AT$1,F258,0) -> 0 | AG258: =IF(T258<=$AT$1,G258,0) -> 0 | AH258: =IF(U258<=$AT$1,H258,0) -> 0 | AI258: =IF(V258<=$AT$1,I258,0) -> 0 | AJ258: =IF(W258<=$AT$1,J258,0) -> 0 | AK258: =IF(X258<=$AT$1,K258,0) -> 0 | AL258: =IF(Y258<=$AT$1,L258,0) -> 0 | AM258: =IF(Z258<=$AT$1,M258,0) -> 0 | ... AQ258: =IF(AD258<=$AT$1,Q258,0) -> 0
A259: 56 | B259: 19.05.2024 | C259: MGBK-53 | D259: SPUR-SILO | E259: 3395.587 | F259: =IF(D259="SPUR-01",E259,0) -> 0 | G259: =IF(D259="SPUR-02",E259,0) -> 0 | H259: =IF(D259="SPUR-03",E259,0) -> 0 | I259: =IF(D259="SPUR-04",E259,0) -> 0 | J259: =IF(D259="SPUR-05",E259,0) -> 0 | K259: =IF(D259="SPUR-06",E259,0) -> 0 | L259: =IF(D259="SPUR-07",E259,0) -> 0 | M259: =IF(D259="SPUR-08",E259,0) -> 0 | N259: =IF(D259="SPUR-09",E259,0) -> 0 | O259: =IF(D259="SPUR-10",E259,0) -> 0 | P259: =IF(D259="SPUR-SILO",E259,0) -> 3395.587 | Q259: =IF(D259="SPUR-DB",E259,0) -> 0 | S259: =IF(F259>0,1,0)+S260 -> 52 | T259: =IF(G259>0,1,0)+T260 -> 38 | U259: =IF(H259>0,1,0)+U260 -> 19 | V259: =IF(I259>0,1,0)+V260 -> 21 | W259: =IF(J259>0,1,0)+W260 -> 102 | X259: =IF(K259>0,1,0)+X260 -> 88 | Y259: =IF(L259>0,1,0)+Y260 -> 32 | Z259: =IF(M259>0,1,0)+Z260 -> 23 | ... AD259: =IF(Q259>0,1,0)+AD260 -> 16 | AF259: =IF(S259<=$AT$1,F259,0) -> 0 | AG259: =IF(T259<=$AT$1,G259,0) -> 0 | AH259: =IF(U259<=$AT$1,H259,0) -> 0 | AI259: =IF(V259<=$AT$1,I259,0) -> 0 | AJ259: =IF(W259<=$AT$1,J259,0) -> 0 | AK259: =IF(X259<=$AT$1,K259,0) -> 0 | AL259: =IF(Y259<=$AT$1,L259,0) -> 0 | AM259: =IF(Z259<=$AT$1,M259,0) -> 0 | ... AQ259: =IF(AD259<=$AT$1,Q259,0) -> 0
A260: 57 | B260: 19.05.2024 | C260: MGBK-52 | D260: SPUR-07 | E260: 3580.9757 | F260: =IF(D260="SPUR-01",E260,0) -> 0 | G260: =IF(D260="SPUR-02",E260,0) -> 0 | H260: =IF(D260="SPUR-03",E260,0) -> 0 | I260: =IF(D260="SPUR-04",E260,0) -> 0 | J260: =IF(D260="SPUR-05",E260,0) -> 0 | K260: =IF(D260="SPUR-06",E260,0) -> 0 | L260: =IF(D260="SPUR-07",E260,0) -> 3580.9757 | M260: =IF(D260="SPUR-08",E260,0) -> 0 | N260: =IF(D260="SPUR-09",E260,0) -> 0 | O260: =IF(D260="SPUR-10",E260,0) -> 0 | P260: =IF(D260="SPUR-SILO",E260,0) -> 0 | Q260: =IF(D260="SPUR-DB",E260,0) -> 0 | S260: =IF(F260>0,1,0)+S261 -> 52 | T260: =IF(G260>0,1,0)+T261 -> 38 | U260: =IF(H260>0,1,0)+U261 -> 19 | V260: =IF(I260>0,1,0)+V261 -> 21 | W260: =IF(J260>0,1,0)+W261 -> 102 | X260: =IF(K260>0,1,0)+X261 -> 88 | Y260: =IF(L260>0,1,0)+Y261 -> 32 | Z260: =IF(M260>0,1,0)+Z261 -> 23 | ... AD260: =IF(Q260>0,1,0)+AD261 -> 16 | AF260: =IF(S260<=$AT$1,F260,0) -> 0 | AG260: =IF(T260<=$AT$1,G260,0) -> 0 | AH260: =IF(U260<=$AT$1,H260,0) -> 0 | AI260: =IF(V260<=$AT$1,I260,0) -> 0 | AJ260: =IF(W260<=$AT$1,J260,0) -> 0 | AK260: =IF(X260<=$AT$1,K260,0) -> 0 | AL260: =IF(Y260<=$AT$1,L260,0) -> 0 | AM260: =IF(Z260<=$AT$1,M260,0) -> 0 | ... AQ260: =IF(AD260<=$AT$1,Q260,0) -> 0
A261: 58 | B261: 19.05.2024 | C261: MGBK-54 | D261: SPUR-05 | E261: 2939.497 | F261: =IF(D261="SPUR-01",E261,0) -> 0 | G261: =IF(D261="SPUR-02",E261,0) -> 0 | H261: =IF(D261="SPUR-03",E261,0) -> 0 | I261: =IF(D261="SPUR-04",E261,0) -> 0 | J261: =IF(D261="SPUR-05",E261,0) -> 2939.497 | K261: =IF(D261="SPUR-06",E261,0) -> 0 | L261: =IF(D261="SPUR-07",E261,0) -> 0 | M261: =IF(D261="SPUR-08",E261,0) -> 0 | N261: =IF(D261="SPUR-09",E261,0) -> 0 | O261: =IF(D261="SPUR-10",E261,0) -> 0 | P261: =IF(D261="SPUR-SILO",E261,0) -> 0 | Q261: =IF(D261="SPUR-DB",E261,0) -> 0 | S261: =IF(F261>0,1,0)+S262 -> 52 | T261: =IF(G261>0,1,0)+T262 -> 38 | U261: =IF(H261>0,1,0)+U262 -> 19 | V261: =IF(I261>0,1,0)+V262 -> 21 | W261: =IF(J261>0,1,0)+W262 -> 102 | X261: =IF(K261>0,1,0)+X262 -> 88 | Y261: =IF(L261>0,1,0)+Y262 -> 31 | Z261: =IF(M261>0,1,0)+Z262 -> 23 | ... AD261: =IF(Q261>0,1,0)+AD262 -> 16 | AF261: =IF(S261<=$AT$1,F261,0) -> 0 | AG261: =IF(T261<=$AT$1,G261,0) -> 0 | AH261: =IF(U261<=$AT$1,H261,0) -> 0 | AI261: =IF(V261<=$AT$1,I261,0) -> 0 | AJ261: =IF(W261<=$AT$1,J261,0) -> 0 | AK261: =IF(X261<=$AT$1,K261,0) -> 0 | AL261: =IF(Y261<=$AT$1,L261,0) -> 0 | AM261: =IF(Z261<=$AT$1,M261,0) -> 0 | ... AQ261: =IF(AD261<=$AT$1,Q261,0) -> 0
... A283: 80 | B283: 26.05.2024 | C283: MGBK-75 | D283: SPUR-01 | E283: 3710.4794 | F283: =IF(D283="SPUR-01",E283,0) -> 3710.4794 | G283: =IF(D283="SPUR-02",E283,0) -> 0 | H283: =IF(D283="SPUR-03",E283,0) -> 0 | I283: =IF(D283="SPUR-04",E283,0) -> 0 | J283: =IF(D283="SPUR-05",E283,0) -> 0 | K283: =IF(D283="SPUR-06",E283,0) -> 0 | L283: =IF(D283="SPUR-07",E283,0) -> 0 | M283: =IF(D283="SPUR-08",E283,0) -> 0 | N283: =IF(D283="SPUR-09",E283,0) -> 0 | O283: =IF(D283="SPUR-10",E283,0) -> 0 | P283: =IF(D283="SPUR-SILO",E283,0) -> 0 | Q283: =IF(D283="SPUR-DB",E283,0) -> 0 | S283: =IF(F283>0,1,0)+S284 -> 49 | T283: =IF(G283>0,1,0)+T284 -> 37 | U283: =IF(H283>0,1,0)+U284 -> 18 | V283: =IF(I283>0,1,0)+V284 -> 19 | W283: =IF(J283>0,1,0)+W284 -> 101 | X283: =IF(K283>0,1,0)+X284 -> 84 | Y283: =IF(L283>0,1,0)+Y284 -> 30 | Z283: =IF(M283>0,1,0)+Z284 -> 20 | ... AD283: =IF(Q283>0,1,0)+AD284 -> 13 | AF283: =IF(S283<=$AT$1,F283,0) -> 0 | AG283: =IF(T283<=$AT$1,G283,0) -> 0 | AH283: =IF(U283<=$AT$1,H283,0) -> 0 | AI283: =IF(V283<=$AT$1,I283,0) -> 0 | AJ283: =IF(W283<=$AT$1,J283,0) -> 0 | AK283: =IF(X283<=$AT$1,K283,0) -> 0 | AL283: =IF(Y283<=$AT$1,L283,0) -> 0 | AM283: =IF(Z283<=$AT$1,M283,0) -> 0 | ... AQ283: =IF(AD283<=$AT$1,Q283,0) -> 0
A284: 81 | B284: 26.05.2024 | C284: MGBK-76 | D284: SPUR-SILO | E284: 2639.3549 | F284: =IF(D284="SPUR-01",E284,0) -> 0 | G284: =IF(D284="SPUR-02",E284,0) -> 0 | H284: =IF(D284="SPUR-03",E284,0) -> 0 | I284: =IF(D284="SPUR-04",E284,0) -> 0 | J284: =IF(D284="SPUR-05",E284,0) -> 0 | K284: =IF(D284="SPUR-06",E284,0) -> 0 | L284: =IF(D284="SPUR-07",E284,0) -> 0 | M284: =IF(D284="SPUR-08",E284,0) -> 0 | N284: =IF(D284="SPUR-09",E284,0) -> 0 | O284: =IF(D284="SPUR-10",E284,0) -> 0 | P284: =IF(D284="SPUR-SILO",E284,0) -> 2639.3549 | Q284: =IF(D284="SPUR-DB",E284,0) -> 0 | S284: =IF(F284>0,1,0)+S286 -> 48 | T284: =IF(G284>0,1,0)+T286 -> 37 | U284: =IF(H284>0,1,0)+U286 -> 18 | V284: =IF(I284>0,1,0)+V286 -> 19 | W284: =IF(J284>0,1,0)+W286 -> 101 | X284: =IF(K284>0,1,0)+X286 -> 84 | Y284: =IF(L284>0,1,0)+Y286 -> 30 | Z284: =IF(M284>0,1,0)+Z286 -> 20 | ... AD284: =IF(Q284>0,1,0)+AD286 -> 13 | AF284: =IF(S284<=$AT$1,F284,0) -> 0 | AG284: =IF(T284<=$AT$1,G284,0) -> 0 | AH284: =IF(U284<=$AT$1,H284,0) -> 0 | AI284: =IF(V284<=$AT$1,I284,0) -> 0 | AJ284: =IF(W284<=$AT$1,J284,0) -> 0 | AK284: =IF(X284<=$AT$1,K284,0) -> 0 | AL284: =IF(Y284<=$AT$1,L284,0) -> 0 | AM284: =IF(Z284<=$AT$1,M284,0) -> 0 | ... AQ284: =IF(AD284<=$AT$1,Q284,0) -> 0
A285: 82 | B285: 26.05.2024 | C285: NMGBK-06 | D285: SPUR-SENDOZ | E285: 3594.3773
A286: 83 | B286: 27.05.2024 | C286: MGBK-77 | D286: SPUR-04 | E286: 3408.2829 | F286: =IF(D286="SPUR-01",E286,0) -> 0 | G286: =IF(D286="SPUR-02",E286,0) -> 0 | H286: =IF(D286="SPUR-03",E286,0) -> 0 | I286: =IF(D286="SPUR-04",E286,0) -> 3408.2829 | J286: =IF(D286="SPUR-05",E286,0) -> 0 | K286: =IF(D286="SPUR-06",E286,0) -> 0 | L286: =IF(D286="SPUR-07",E286,0) -> 0 | M286: =IF(D286="SPUR-08",E286,0) -> 0 | N286: =IF(D286="SPUR-09",E286,0) -> 0 | O286: =IF(D286="SPUR-10",E286,0) -> 0 | P286: =IF(D286="SPUR-SILO",E286,0) -> 0 | Q286: =IF(D286="SPUR-DB",E286,0) -> 0 | S286: =IF(F286>0,1,0)+S287 -> 48 | T286: =IF(G286>0,1,0)+T287 -> 37 | U286: =IF(H286>0,1,0)+U287 -> 18 | V286: =IF(I286>0,1,0)+V287 -> 19 | W286: =IF(J286>0,1,0)+W287 -> 101 | X286: =IF(K286>0,1,0)+X287 -> 84 | Y286: =IF(L286>0,1,0)+Y287 -> 30 | Z286: =IF(M286>0,1,0)+Z287 -> 20 | ... AD286: =IF(Q286>0,1,0)+AD287 -> 13 | AF286: =IF(S286<=$AT$1,F286,0) -> 0 | AG286: =IF(T286<=$AT$1,G286,0) -> 0 | AH286: =IF(U286<=$AT$1,H286,0) -> 0 | AI286: =IF(V286<=$AT$1,I286,0) -> 0 | AJ286: =IF(W286<=$AT$1,J286,0) -> 0 | AK286: =IF(X286<=$AT$1,K286,0) -> 0 | AL286: =IF(Y286<=$AT$1,L286,0) -> 0 | AM286: =IF(Z286<=$AT$1,M286,0) -> 0 | ... AQ286: =IF(AD286<=$AT$1,Q286,0) -> 0
A287: 84 | B287: 27.05.2024 | C287: MGBK-78 | D287: SPUR-08 | E287: 2629.9395 | F287: =IF(D287="SPUR-01",E287,0) -> 0 | G287: =IF(D287="SPUR-02",E287,0) -> 0 | H287: =IF(D287="SPUR-03",E287,0) -> 0 | I287: =IF(D287="SPUR-04",E287,0) -> 0 | J287: =IF(D287="SPUR-05",E287,0) -> 0 | K287: =IF(D287="SPUR-06",E287,0) -> 0 | L287: =IF(D287="SPUR-07",E287,0) -> 0 | M287: =IF(D287="SPUR-08",E287,0) -> 2629.9395 | N287: =IF(D287="SPUR-09",E287,0) -> 0 | O287: =IF(D287="SPUR-10",E287,0) -> 0 | P287: =IF(D287="SPUR-SILO",E287,0) -> 0 | Q287: =IF(D287="SPUR-DB",E287,0) -> 0 | S287: =IF(F287>0,1,0)+S288 -> 48 | T287: =IF(G287>0,1,0)+T288 -> 37 | U287: =IF(H287>0,1,0)+U288 -> 18 | V287: =IF(I287>0,1,0)+V288 -> 18 | W287: =IF(J287>0,1,0)+W288 -> 101 | X287: =IF(K287>0,1,0)+X288 -> 84 | Y287: =IF(L287>0,1,0)+Y288 -> 30 | Z287: =IF(M287>0,1,0)+Z288 -> 20 | ... AD287: =IF(Q287>0,1,0)+AD288 -> 13 | AF287: =IF(S287<=$AT$1,F287,0) -> 0 | AG287: =IF(T287<=$AT$1,G287,0) -> 0 | AH287: =IF(U287<=$AT$1,H287,0) -> 0 | AI287: =IF(V287<=$AT$1,I287,0) -> 0 | AJ287: =IF(W287<=$AT$1,J287,0) -> 0 | AK287: =IF(X287<=$AT$1,K287,0) -> 0 | AL287: =IF(Y287<=$AT$1,L287,0) -> 0 | AM287: =IF(Z287<=$AT$1,M287,0) -> 0 | ... AQ287: =IF(AD287<=$AT$1,Q287,0) -> 0
A288: 85 | B288: 27.05.2024 | C288: MGBK-79 | D288: SPUR-DB | E288: 3560.9418 | F288: =IF(D288="SPUR-01",E288,0) -> 0 | G288: =IF(D288="SPUR-02",E288,0) -> 0 | H288: =IF(D288="SPUR-03",E288,0) -> 0 | I288: =IF(D288="SPUR-04",E288,0) -> 0 | J288: =IF(D288="SPUR-05",E288,0) -> 0 | K288: =IF(D288="SPUR-06",E288,0) -> 0 | L288: =IF(D288="SPUR-07",E288,0) -> 0 | M288: =IF(D288="SPUR-08",E288,0) -> 0 | N288: =IF(D288="SPUR-09",E288,0) -> 0 | O288: =IF(D288="SPUR-10",E288,0) -> 0 | P288: =IF(D288="SPUR-SILO",E288,0) -> 0 | Q288: =IF(D288="SPUR-DB",E288,0) -> 3560.9418 | S288: =IF(F288>0,1,0)+S289 -> 48 | T288: =IF(G288>0,1,0)+T289 -> 37 | U288: =IF(H288>0,1,0)+U289 -> 18 | V288: =IF(I288>0,1,0)+V289 -> 18 | W288: =IF(J288>0,1,0)+W289 -> 101 | X288: =IF(K288>0,1,0)+X289 -> 84 | Y288: =IF(L288>0,1,0)+Y289 -> 30 | Z288: =IF(M288>0,1,0)+Z289 -> 19 | ... AD288: =IF(Q288>0,1,0)+AD289 -> 13 | AF288: =IF(S288<=$AT$1,F288,0) -> 0 | AG288: =IF(T288<=$AT$1,G288,0) -> 0 | AH288: =IF(U288<=$AT$1,H288,0) -> 0 | AI288: =IF(V288<=$AT$1,I288,0) -> 0 | AJ288: =IF(W288<=$AT$1,J288,0) -> 0 | AK288: =IF(X288<=$AT$1,K288,0) -> 0 | AL288: =IF(Y288<=$AT$1,L288,0) -> 0 | AM288: =IF(Z288<=$AT$1,M288,0) -> 0 | ... AQ288: =IF(AD288<=$AT$1,Q288,0) -> 0
A289: 86 | B289: 27.05.2024 | C289: MGBK-80 | D289: SPUR-05 | E289: 2465.7943 | F289: =IF(D289="SPUR-01",E289,0) -> 0 | G289: =IF(D289="SPUR-02",E289,0) -> 0 | H289: =IF(D289="SPUR-03",E289,0) -> 0 | I289: =IF(D289="SPUR-04",E289,0) -> 0 | J289: =IF(D289="SPUR-05",E289,0) -> 2465.7943 | K289: =IF(D289="SPUR-06",E289,0) -> 0 | L289: =IF(D289="SPUR-07",E289,0) -> 0 | M289: =IF(D289="SPUR-08",E289,0) -> 0 | N289: =IF(D289="SPUR-09",E289,0) -> 0 | O289: =IF(D289="SPUR-10",E289,0) -> 0 | P289: =IF(D289="SPUR-SILO",E289,0) -> 0 | Q289: =IF(D289="SPUR-DB",E289,0) -> 0 | S289: =IF(F289>0,1,0)+S290 -> 48 | T289: =IF(G289>0,1,0)+T290 -> 37 | U289: =IF(H289>0,1,0)+U290 -> 18 | V289: =IF(I289>0,1,0)+V290 -> 18 | W289: =IF(J289>0,1,0)+W290 -> 101 | X289: =IF(K289>0,1,0)+X290 -> 84 | Y289: =IF(L289>0,1,0)+Y290 -> 30 | Z289: =IF(M289>0,1,0)+Z290 -> 19 | ... AD289: =IF(Q289>0,1,0)+AD290 -> 12 | AF289: =IF(S289<=$AT$1,F289,0) -> 0 | AG289: =IF(T289<=$AT$1,G289,0) -> 0 | AH289: =IF(U289<=$AT$1,H289,0) -> 0 | AI289: =IF(V289<=$AT$1,I289,0) -> 0 | AJ289: =IF(W289<=$AT$1,J289,0) -> 0 | AK289: =IF(X289<=$AT$1,K289,0) -> 0 | AL289: =IF(Y289<=$AT$1,L289,0) -> 0 | AM289: =IF(Z289<=$AT$1,M289,0) -> 0 | ... AQ289: =IF(AD289<=$AT$1,Q289,0) -> 0
A290: 87 | B290: 28.05.2024 | C290: MGBK-81 | D290: SPUR-01 | E290: 2840.1617 | F290: =IF(D290="SPUR-01",E290,0) -> 2840.1617 | G290: =IF(D290="SPUR-02",E290,0) -> 0 | H290: =IF(D290="SPUR-03",E290,0) -> 0 | I290: =IF(D290="SPUR-04",E290,0) -> 0 | J290: =IF(D290="SPUR-05",E290,0) -> 0 | K290: =IF(D290="SPUR-06",E290,0) -> 0 | L290: =IF(D290="SPUR-07",E290,0) -> 0 | M290: =IF(D290="SPUR-08",E290,0) -> 0 | N290: =IF(D290="SPUR-09",E290,0) -> 0 | O290: =IF(D290="SPUR-10",E290,0) -> 0 | P290: =IF(D290="SPUR-SILO",E290,0) -> 0 | Q290: =IF(D290="SPUR-DB",E290,0) -> 0 | S290: =IF(F290>0,1,0)+S291 -> 48 | T290: =IF(G290>0,1,0)+T291 -> 37 | U290: =IF(H290>0,1,0)+U291 -> 18 | V290: =IF(I290>0,1,0)+V291 -> 18 | W290: =IF(J290>0,1,0)+W291 -> 100 | X290: =IF(K290>0,1,0)+X291 -> 84 | Y290: =IF(L290>0,1,0)+Y291 -> 30 | Z290: =IF(M290>0,1,0)+Z291 -> 19 | ... AD290: =IF(Q290>0,1,0)+AD291 -> 12 | AF290: =IF(S290<=$AT$1,F290,0) -> 0 | AG290: =IF(T290<=$AT$1,G290,0) -> 0 | AH290: =IF(U290<=$AT$1,H290,0) -> 0 | AI290: =IF(V290<=$AT$1,I290,0) -> 0 | AJ290: =IF(W290<=$AT$1,J290,0) -> 0 | AK290: =IF(X290<=$AT$1,K290,0) -> 0 | AL290: =IF(Y290<=$AT$1,L290,0) -> 0 | AM290: =IF(Z290<=$AT$1,M290,0) -> 0 | ... AQ290: =IF(AD290<=$AT$1,Q290,0) -> 0
A291: 88 | B291: 28.05.2024 | C291: MGBK-82 | D291: SPUR-06 | E291: 2704.2975 | F291: =IF(D291="SPUR-01",E291,0) -> 0 | G291: =IF(D291="SPUR-02",E291,0) -> 0 | H291: =IF(D291="SPUR-03",E291,0) -> 0 | I291: =IF(D291="SPUR-04",E291,0) -> 0 | J291: =IF(D291="SPUR-05",E291,0) -> 0 | K291: =IF(D291="SPUR-06",E291,0) -> 2704.2975 | L291: =IF(D291="SPUR-07",E291,0) -> 0 | M291: =IF(D291="SPUR-08",E291,0) -> 0 | N291: =IF(D291="SPUR-09",E291,0) -> 0 | O291: =IF(D291="SPUR-10",E291,0) -> 0 | P291: =IF(D291="SPUR-SILO",E291,0) -> 0 | Q291: =IF(D291="SPUR-DB",E291,0) -> 0 | S291: =IF(F291>0,1,0)+S292 -> 47 | T291: =IF(G291>0,1,0)+T292 -> 37 | U291: =IF(H291>0,1,0)+U292 -> 18 | V291: =IF(I291>0,1,0)+V292 -> 18 | W291: =IF(J291>0,1,0)+W292 -> 100 | X291: =IF(K291>0,1,0)+X292 -> 84 | Y291: =IF(L291>0,1,0)+Y292 -> 30 | Z291: =IF(M291>0,1,0)+Z292 -> 19 | ... AD291: =IF(Q291>0,1,0)+AD292 -> 12 | AF291: =IF(S291<=$AT$1,F291,0) -> 0 | AG291: =IF(T291<=$AT$1,G291,0) -> 0 | AH291: =IF(U291<=$AT$1,H291,0) -> 0 | AI291: =IF(V291<=$AT$1,I291,0) -> 0 | AJ291: =IF(W291<=$AT$1,J291,0) -> 0 | AK291: =IF(X291<=$AT$1,K291,0) -> 0 | AL291: =IF(Y291<=$AT$1,L291,0) -> 0 | AM291: =IF(Z291<=$AT$1,M291,0) -> 0 | ... AQ291: =IF(AD291<=$AT$1,Q291,0) -> 0
A292: 89 | B292: 28.05.2024 | C292: MGBK-83 | D292: SPUR-01 | E292: 3120.0185 | F292: =IF(D292="SPUR-01",E292,0) -> 3120.0185 | G292: =IF(D292="SPUR-02",E292,0) -> 0 | H292: =IF(D292="SPUR-03",E292,0) -> 0 | I292: =IF(D292="SPUR-04",E292,0) -> 0 | J292: =IF(D292="SPUR-05",E292,0) -> 0 | K292: =IF(D292="SPUR-06",E292,0) -> 0 | L292: =IF(D292="SPUR-07",E292,0) -> 0 | M292: =IF(D292="SPUR-08",E292,0) -> 0 | N292: =IF(D292="SPUR-09",E292,0) -> 0 | O292: =IF(D292="SPUR-10",E292,0) -> 0 | P292: =IF(D292="SPUR-SILO",E292,0) -> 0 | Q292: =IF(D292="SPUR-DB",E292,0) -> 0 | S292: =IF(F292>0,1,0)+S293 -> 47 | T292: =IF(G292>0,1,0)+T293 -> 37 | U292: =IF(H292>0,1,0)+U293 -> 18 | V292: =IF(I292>0,1,0)+V293 -> 18 | W292: =IF(J292>0,1,0)+W293 -> 100 | X292: =IF(K292>0,1,0)+X293 -> 83 | Y292: =IF(L292>0,1,0)+Y293 -> 30 | Z292: =IF(M292>0,1,0)+Z293 -> 19 | ... AD292: =IF(Q292>0,1,0)+AD293 -> 12 | AF292: =IF(S292<=$AT$1,F292,0) -> 0 | AG292: =IF(T292<=$AT$1,G292,0) -> 0 | AH292: =IF(U292<=$AT$1,H292,0) -> 0 | AI292: =IF(V292<=$AT$1,I292,0) -> 0 | AJ292: =IF(W292<=$AT$1,J292,0) -> 0 | AK292: =IF(X292<=$AT$1,K292,0) -> 0 | AL292: =IF(Y292<=$AT$1,L292,0) -> 0 | AM292: =IF(Z292<=$AT$1,M292,0) -> 0 | ... AQ292: =IF(AD292<=$AT$1,Q292,0) -> 0
A293: 90 | B293: 28.05.2024 | C293: MGBK-84 | D293: SPUR-08 | E293: 2824.0564 | F293: =IF(D293="SPUR-01",E293,0) -> 0 | G293: =IF(D293="SPUR-02",E293,0) -> 0 | H293: =IF(D293="SPUR-03",E293,0) -> 0 | I293: =IF(D293="SPUR-04",E293,0) -> 0 | J293: =IF(D293="SPUR-05",E293,0) -> 0 | K293: =IF(D293="SPUR-06",E293,0) -> 0 | L293: =IF(D293="SPUR-07",E293,0) -> 0 | M293: =IF(D293="SPUR-08",E293,0) -> 2824.0564 | N293: =IF(D293="SPUR-09",E293,0) -> 0 | O293: =IF(D293="SPUR-10",E293,0) -> 0 | P293: =IF(D293="SPUR-SILO",E293,0) -> 0 | Q293: =IF(D293="SPUR-DB",E293,0) -> 0 | S293: =IF(F293>0,1,0)+S294 -> 46 | T293: =IF(G293>0,1,0)+T294 -> 37 | U293: =IF(H293>0,1,0)+U294 -> 18 | V293: =IF(I293>0,1,0)+V294 -> 18 | W293: =IF(J293>0,1,0)+W294 -> 100 | X293: =IF(K293>0,1,0)+X294 -> 83 | Y293: =IF(L293>0,1,0)+Y294 -> 30 | Z293: =IF(M293>0,1,0)+Z294 -> 19 | ... AD293: =IF(Q293>0,1,0)+AD294 -> 12 | AF293: =IF(S293<=$AT$1,F293,0) -> 0 | AG293: =IF(T293<=$AT$1,G293,0) -> 0 | AH293: =IF(U293<=$AT$1,H293,0) -> 0 | AI293: =IF(V293<=$AT$1,I293,0) -> 0 | AJ293: =IF(W293<=$AT$1,J293,0) -> 0 | AK293: =IF(X293<=$AT$1,K293,0) -> 0 | AL293: =IF(Y293<=$AT$1,L293,0) -> 0 | AM293: =IF(Z293<=$AT$1,M293,0) -> 0 | ... AQ293: =IF(AD293<=$AT$1,Q293,0) -> 0
A294: 91 | B294: 29.05.2024 | C294: NMGBK-88 | D294: SPUR-07 | E294: 3805 | F294: =IF(D294="SPUR-01",E294,0) -> 0 | G294: =IF(D294="SPUR-02",E294,0) -> 0 | H294: =IF(D294="SPUR-03",E294,0) -> 0 | I294: =IF(D294="SPUR-04",E294,0) -> 0 | J294: =IF(D294="SPUR-05",E294,0) -> 0 | K294: =IF(D294="SPUR-06",E294,0) -> 0 | L294: =IF(D294="SPUR-07",E294,0) -> 3805 | M294: =IF(D294="SPUR-08",E294,0) -> 0 | N294: =IF(D294="SPUR-09",E294,0) -> 0 | O294: =IF(D294="SPUR-10",E294,0) -> 0 | P294: =IF(D294="SPUR-SILO",E294,0) -> 0 | Q294: =IF(D294="SPUR-DB",E294,0) -> 0 | S294: =IF(F294>0,1,0)+S295 -> 46 | T294: =IF(G294>0,1,0)+T295 -> 37 | U294: =IF(H294>0,1,0)+U295 -> 18 | V294: =IF(I294>0,1,0)+V295 -> 18 | W294: =IF(J294>0,1,0)+W295 -> 100 | X294: =IF(K294>0,1,0)+X295 -> 83 | Y294: =IF(L294>0,1,0)+Y295 -> 30 | Z294: =IF(M294>0,1,0)+Z295 -> 18 | ... AD294: =IF(Q294>0,1,0)+AD295 -> 12 | AF294: =IF(S294<=$AT$1,F294,0) -> 0 | AG294: =IF(T294<=$AT$1,G294,0) -> 0 | AH294: =IF(U294<=$AT$1,H294,0) -> 0 | AI294: =IF(V294<=$AT$1,I294,0) -> 0 | AJ294: =IF(W294<=$AT$1,J294,0) -> 0 | AK294: =IF(X294<=$AT$1,K294,0) -> 0 | AL294: =IF(Y294<=$AT$1,L294,0) -> 0 | AM294: =IF(Z294<=$AT$1,M294,0) -> 0 | ... AQ294: =IF(AD294<=$AT$1,Q294,0) -> 0
A295: 92 | B295: 29.05.2024 | C295: MGBK-87 | D295: SPUR-SILO | E295: 3414 | F295: =IF(D295="SPUR-01",E295,0) -> 0 | G295: =IF(D295="SPUR-02",E295,0) -> 0 | H295: =IF(D295="SPUR-03",E295,0) -> 0 | I295: =IF(D295="SPUR-04",E295,0) -> 0 | J295: =IF(D295="SPUR-05",E295,0) -> 0 | K295: =IF(D295="SPUR-06",E295,0) -> 0 | L295: =IF(D295="SPUR-07",E295,0) -> 0 | M295: =IF(D295="SPUR-08",E295,0) -> 0 | N295: =IF(D295="SPUR-09",E295,0) -> 0 | O295: =IF(D295="SPUR-10",E295,0) -> 0 | P295: =IF(D295="SPUR-SILO",E295,0) -> 3414 | Q295: =IF(D295="SPUR-DB",E295,0) -> 0 | S295: =IF(F295>0,1,0)+S296 -> 46 | T295: =IF(G295>0,1,0)+T296 -> 37 | U295: =IF(H295>0,1,0)+U296 -> 18 | V295: =IF(I295>0,1,0)+V296 -> 18 | W295: =IF(J295>0,1,0)+W296 -> 100 | X295: =IF(K295>0,1,0)+X296 -> 83 | Y295: =IF(L295>0,1,0)+Y296 -> 29 | Z295: =IF(M295>0,1,0)+Z296 -> 18 | ... AD295: =IF(Q295>0,1,0)+AD296 -> 12 | AF295: =IF(S295<=$AT$1,F295,0) -> 0 | AG295: =IF(T295<=$AT$1,G295,0) -> 0 | AH295: =IF(U295<=$AT$1,H295,0) -> 0 | AI295: =IF(V295<=$AT$1,I295,0) -> 0 | AJ295: =IF(W295<=$AT$1,J295,0) -> 0 | AK295: =IF(X295<=$AT$1,K295,0) -> 0 | AL295: =IF(Y295<=$AT$1,L295,0) -> 0 | AM295: =IF(Z295<=$AT$1,M295,0) -> 0 | ... AQ295: =IF(AD295<=$AT$1,Q295,0) -> 0
A296: 93 | B296: 30.05.2024 | C296: MGBK-86 | D296: SPUR-06 | E296: 3394 | F296: =IF(D296="SPUR-01",E296,0) -> 0 | G296: =IF(D296="SPUR-02",E296,0) -> 0 | H296: =IF(D296="SPUR-03",E296,0) -> 0 | I296: =IF(D296="SPUR-04",E296,0) -> 0 | J296: =IF(D296="SPUR-05",E296,0) -> 0 | K296: =IF(D296="SPUR-06",E296,0) -> 3394 | L296: =IF(D296="SPUR-07",E296,0) -> 0 | M296: =IF(D296="SPUR-08",E296,0) -> 0 | N296: =IF(D296="SPUR-09",E296,0) -> 0 | O296: =IF(D296="SPUR-10",E296,0) -> 0 | P296: =IF(D296="SPUR-SILO",E296,0) -> 0 | Q296: =IF(D296="SPUR-DB",E296,0) -> 0 | S296: =IF(F296>0,1,0)+S297 -> 46 | T296: =IF(G296>0,1,0)+T297 -> 37 | U296: =IF(H296>0,1,0)+U297 -> 18 | V296: =IF(I296>0,1,0)+V297 -> 18 | W296: =IF(J296>0,1,0)+W297 -> 100 | X296: =IF(K296>0,1,0)+X297 -> 83 | Y296: =IF(L296>0,1,0)+Y297 -> 29 | Z296: =IF(M296>0,1,0)+Z297 -> 18 | ... AD296: =IF(Q296>0,1,0)+AD297 -> 12 | AF296: =IF(S296<=$AT$1,F296,0) -> 0 | AG296: =IF(T296<=$AT$1,G296,0) -> 0 | AH296: =IF(U296<=$AT$1,H296,0) -> 0 | AI296: =IF(V296<=$AT$1,I296,0) -> 0 | AJ296: =IF(W296<=$AT$1,J296,0) -> 0 | AK296: =IF(X296<=$AT$1,K296,0) -> 0 | AL296: =IF(Y296<=$AT$1,L296,0) -> 0 | AM296: =IF(Z296<=$AT$1,M296,0) -> 0 | ... AQ296: =IF(AD296<=$AT$1,Q296,0) -> 0
A297: 94 | B297: 30.05.2024 | C297: MGBK-90 | D297: SPUR-02 | E297: 3509.3443 | F297: =IF(D297="SPUR-01",E297,0) -> 0 | G297: =IF(D297="SPUR-02",E297,0) -> 3509.3443 | H297: =IF(D297="SPUR-03",E297,0) -> 0 | I297: =IF(D297="SPUR-04",E297,0) -> 0 | J297: =IF(D297="SPUR-05",E297,0) -> 0 | K297: =IF(D297="SPUR-06",E297,0) -> 0 | L297: =IF(D297="SPUR-07",E297,0) -> 0 | M297: =IF(D297="SPUR-08",E297,0) -> 0 | N297: =IF(D297="SPUR-09",E297,0) -> 0 | O297: =IF(D297="SPUR-10",E297,0) -> 0 | P297: =IF(D297="SPUR-SILO",E297,0) -> 0 | Q297: =IF(D297="SPUR-DB",E297,0) -> 0 | S297: =IF(F297>0,1,0)+S298 -> 46 | T297: =IF(G297>0,1,0)+T298 -> 37 | U297: =IF(H297>0,1,0)+U298 -> 18 | V297: =IF(I297>0,1,0)+V298 -> 18 | W297: =IF(J297>0,1,0)+W298 -> 100 | X297: =IF(K297>0,1,0)+X298 -> 82 | Y297: =IF(L297>0,1,0)+Y298 -> 29 | Z297: =IF(M297>0,1,0)+Z298 -> 18 | ... AD297: =IF(Q297>0,1,0)+AD298 -> 12 | AF297: =IF(S297<=$AT$1,F297,0) -> 0 | AG297: =IF(T297<=$AT$1,G297,0) -> 0 | AH297: =IF(U297<=$AT$1,H297,0) -> 0 | AI297: =IF(V297<=$AT$1,I297,0) -> 0 | AJ297: =IF(W297<=$AT$1,J297,0) -> 0 | AK297: =IF(X297<=$AT$1,K297,0) -> 0 | AL297: =IF(Y297<=$AT$1,L297,0) -> 0 | AM297: =IF(Z297<=$AT$1,M297,0) -> 0 | ... AQ297: =IF(AD297<=$AT$1,Q297,0) -> 0
... A300: 97 | B300: 31.05.2024 | C300: MGBK-91 | D300: SPUR-05 | E300: 2682.1674 | F300: =IF(D300="SPUR-01",E300,0) -> 0 | G300: =IF(D300="SPUR-02",E300,0) -> 0 | H300: =IF(D300="SPUR-03",E300,0) -> 0 | I300: =IF(D300="SPUR-04",E300,0) -> 0 | J300: =IF(D300="SPUR-05",E300,0) -> 2682.1674 | K300: =IF(D300="SPUR-06",E300,0) -> 0 | L300: =IF(D300="SPUR-07",E300,0) -> 0 | M300: =IF(D300="SPUR-08",E300,0) -> 0 | N300: =IF(D300="SPUR-09",E300,0) -> 0 | O300: =IF(D300="SPUR-10",E300,0) -> 0 | P300: =IF(D300="SPUR-SILO",E300,0) -> 0 | Q300: =IF(D300="SPUR-DB",E300,0) -> 0 | S300: =IF(F300>0,1,0)+S301 -> 46 | T300: =IF(G300>0,1,0)+T301 -> 36 | U300: =IF(H300>0,1,0)+U301 -> 18 | V300: =IF(I300>0,1,0)+V301 -> 18 | W300: =IF(J300>0,1,0)+W301 -> 99 | X300: =IF(K300>0,1,0)+X301 -> 82 | Y300: =IF(L300>0,1,0)+Y301 -> 29 | Z300: =IF(M300>0,1,0)+Z301 -> 17 | ... AD300: =IF(Q300>0,1,0)+AD301 -> 12 | AF300: =IF(S300<=$AT$1,F300,0) -> 0 | AG300: =IF(T300<=$AT$1,G300,0) -> 0 | AH300: =IF(U300<=$AT$1,H300,0) -> 0 | AI300: =IF(V300<=$AT$1,I300,0) -> 0 | AJ300: =IF(W300<=$AT$1,J300,0) -> 0 | AK300: =IF(X300<=$AT$1,K300,0) -> 0 | AL300: =IF(Y300<=$AT$1,L300,0) -> 0 | AM300: =IF(Z300<=$AT$1,M300,0) -> 0 | ... AQ300: =IF(AD300<=$AT$1,Q300,0) -> 0
F301: =IF(D301="SPUR-01",E301,0) -> 0 | G301: =IF(D301="SPUR-02",E301,0) -> 0 | H301: =IF(D301="SPUR-03",E301,0) -> 0 | I301: =IF(D301="SPUR-04",E301,0) -> 0 | J301: =IF(D301="SPUR-05",E301,0) -> 0 | K301: =IF(D301="SPUR-06",E301,0) -> 0 | L301: =IF(D301="SPUR-07",E301,0) -> 0 | M301: =IF(D301="SPUR-08",E301,0) -> 0 | N301: =IF(D301="SPUR-09",E301,0) -> 0 | O301: =IF(D301="SPUR-10",E301,0) -> 0 | P301: =IF(D301="SPUR-SILO",E301,0) -> 0 | Q301: =IF(D301="SPUR-DB",E301,0) -> 0 | S301: =IF(F301>0,1,0)+S302 -> 46 | T301: =IF(G301>0,1,0)+T302 -> 36 | U301: =IF(H301>0,1,0)+U302 -> 18 | V301: =IF(I301>0,1,0)+V302 -> 18 | W301: =IF(J301>0,1,0)+W302 -> 98 | X301: =IF(K301>0,1,0)+X302 -> 82 | Y301: =IF(L301>0,1,0)+Y302 -> 29 | Z301: =IF(M301>0,1,0)+Z302 -> 17 | ... AD301: =IF(Q301>0,1,0)+AD302 -> 12 | AF301: =IF(S301<=$AT$1,F301,0) -> 0 | AG301: =IF(T301<=$AT$1,G301,0) -> 0 | AH301: =IF(U301<=$AT$1,H301,0) -> 0 | AI301: =IF(V301<=$AT$1,I301,0) -> 0 | AJ301: =IF(W301<=$AT$1,J301,0) -> 0 | AK301: =IF(X301<=$AT$1,K301,0) -> 0 | AL301: =IF(Y301<=$AT$1,L301,0) -> 0 | AM301: =IF(Z301<=$AT$1,M301,0) -> 0 | ... AQ301: =IF(AD301<=$AT$1,Q301,0) -> 0
A302: 1 | B302: 01.06.2024 | C302: MGBK-92 | D302: SPUR-DB | E302: 3285.4515 | F302: =IF(D302="SPUR-01",E302,0) -> 0 | G302: =IF(D302="SPUR-02",E302,0) -> 0 | H302: =IF(D302="SPUR-03",E302,0) -> 0 | I302: =IF(D302="SPUR-04",E302,0) -> 0 | J302: =IF(D302="SPUR-05",E302,0) -> 0 | K302: =IF(D302="SPUR-06",E302,0) -> 0 | L302: =IF(D302="SPUR-07",E302,0) -> 0 | M302: =IF(D302="SPUR-08",E302,0) -> 0 | N302: =IF(D302="SPUR-09",E302,0) -> 0 | O302: =IF(D302="SPUR-10",E302,0) -> 0 | P302: =IF(D302="SPUR-SILO",E302,0) -> 0 | Q302: =IF(D302="SPUR-DB",E302,0) -> 3285.4515 | S302: =IF(F302>0,1,0)+S303 -> 46 | T302: =IF(G302>0,1,0)+T303 -> 36 | U302: =IF(H302>0,1,0)+U303 -> 18 | V302: =IF(I302>0,1,0)+V303 -> 18 | W302: =IF(J302>0,1,0)+W303 -> 98 | X302: =IF(K302>0,1,0)+X303 -> 82 | Y302: =IF(L302>0,1,0)+Y303 -> 29 | Z302: =IF(M302>0,1,0)+Z303 -> 17 | ... AD302: =IF(Q302>0,1,0)+AD303 -> 12 | AF302: =IF(S302<=$AT$1,F302,0) -> 0 | AG302: =IF(T302<=$AT$1,G302,0) -> 0 | AH302: =IF(U302<=$AT$1,H302,0) -> 0 | AI302: =IF(V302<=$AT$1,I302,0) -> 0 | AJ302: =IF(W302<=$AT$1,J302,0) -> 0 | AK302: =IF(X302<=$AT$1,K302,0) -> 0 | AL302: =IF(Y302<=$AT$1,L302,0) -> 0 | AM302: =IF(Z302<=$AT$1,M302,0) -> 0 | ... AQ302: =IF(AD302<=$AT$1,Q302,0) -> 0
A303: 2 | B303: 01.06.2024 | C303: MGBK-93 | D303: SPUR-SILO | E303: 2745.0212 | F303: =IF(D303="SPUR-01",E303,0) -> 0 | G303: =IF(D303="SPUR-02",E303,0) -> 0 | H303: =IF(D303="SPUR-03",E303,0) -> 0 | I303: =IF(D303="SPUR-04",E303,0) -> 0 | J303: =IF(D303="SPUR-05",E303,0) -> 0 | K303: =IF(D303="SPUR-06",E303,0) -> 0 | L303: =IF(D303="SPUR-07",E303,0) -> 0 | M303: =IF(D303="SPUR-08",E303,0) -> 0 | N303: =IF(D303="SPUR-09",E303,0) -> 0 | O303: =IF(D303="SPUR-10",E303,0) -> 0 | P303: =IF(D303="SPUR-SILO",E303,0) -> 2745.0212 | Q303: =IF(D303="SPUR-DB",E303,0) -> 0 | S303: =IF(F303>0,1,0)+S304 -> 46 | T303: =IF(G303>0,1,0)+T304 -> 36 | U303: =IF(H303>0,1,0)+U304 -> 18 | V303: =IF(I303>0,1,0)+V304 -> 18 | W303: =IF(J303>0,1,0)+W304 -> 98 | X303: =IF(K303>0,1,0)+X304 -> 82 | Y303: =IF(L303>0,1,0)+Y304 -> 29 | Z303: =IF(M303>0,1,0)+Z304 -> 17 | ... AD303: =IF(Q303>0,1,0)+AD304 -> 11 | AF303: =IF(S303<=$AT$1,F303,0) -> 0 | AG303: =IF(T303<=$AT$1,G303,0) -> 0 | AH303: =IF(U303<=$AT$1,H303,0) -> 0 | AI303: =IF(V303<=$AT$1,I303,0) -> 0 | AJ303: =IF(W303<=$AT$1,J303,0) -> 0 | AK303: =IF(X303<=$AT$1,K303,0) -> 0 | AL303: =IF(Y303<=$AT$1,L303,0) -> 0 | AM303: =IF(Z303<=$AT$1,M303,0) -> 0 | ... AQ303: =IF(AD303<=$AT$1,Q303,0) -> 0
A304: 3 | B304: 01.06.2024 | C304: MGBK-01 | D304: SPUR-DB | E304: 2953.8993 | F304: =IF(D304="SPUR-01",E304,0) -> 0 | G304: =IF(D304="SPUR-02",E304,0) -> 0 | H304: =IF(D304="SPUR-03",E304,0) -> 0 | I304: =IF(D304="SPUR-04",E304,0) -> 0 | J304: =IF(D304="SPUR-05",E304,0) -> 0 | K304: =IF(D304="SPUR-06",E304,0) -> 0 | L304: =IF(D304="SPUR-07",E304,0) -> 0 | M304: =IF(D304="SPUR-08",E304,0) -> 0 | N304: =IF(D304="SPUR-09",E304,0) -> 0 | O304: =IF(D304="SPUR-10",E304,0) -> 0 | P304: =IF(D304="SPUR-SILO",E304,0) -> 0 | Q304: =IF(D304="SPUR-DB",E304,0) -> 2953.8993 | S304: =IF(F304>0,1,0)+S305 -> 46 | T304: =IF(G304>0,1,0)+T305 -> 36 | U304: =IF(H304>0,1,0)+U305 -> 18 | V304: =IF(I304>0,1,0)+V305 -> 18 | W304: =IF(J304>0,1,0)+W305 -> 98 | X304: =IF(K304>0,1,0)+X305 -> 82 | Y304: =IF(L304>0,1,0)+Y305 -> 29 | Z304: =IF(M304>0,1,0)+Z305 -> 17 | ... AD304: =IF(Q304>0,1,0)+AD305 -> 11 | AF304: =IF(S304<=$AT$1,F304,0) -> 0 | AG304: =IF(T304<=$AT$1,G304,0) -> 0 | AH304: =IF(U304<=$AT$1,H304,0) -> 0 | AI304: =IF(V304<=$AT$1,I304,0) -> 0 | AJ304: =IF(W304<=$AT$1,J304,0) -> 0 | AK304: =IF(X304<=$AT$1,K304,0) -> 0 | AL304: =IF(Y304<=$AT$1,L304,0) -> 0 | AM304: =IF(Z304<=$AT$1,M304,0) -> 0 | ... AQ304: =IF(AD304<=$AT$1,Q304,0) -> 0
A305: 4 | B305: 01.06.2024 | C305: MGBK-94 | D305: SPUR-07 | E305: 2994.8512 | F305: =IF(D305="SPUR-01",E305,0) -> 0 | G305: =IF(D305="SPUR-02",E305,0) -> 0 | H305: =IF(D305="SPUR-03",E305,0) -> 0 | I305: =IF(D305="SPUR-04",E305,0) -> 0 | J305: =IF(D305="SPUR-05",E305,0) -> 0 | K305: =IF(D305="SPUR-06",E305,0) -> 0 | L305: =IF(D305="SPUR-07",E305,0) -> 2994.8512 | M305: =IF(D305="SPUR-08",E305,0) -> 0 | N305: =IF(D305="SPUR-09",E305,0) -> 0 | O305: =IF(D305="SPUR-10",E305,0) -> 0 | P305: =IF(D305="SPUR-SILO",E305,0) -> 0 | Q305: =IF(D305="SPUR-DB",E305,0) -> 0 | S305: =IF(F305>0,1,0)+S306 -> 46 | T305: =IF(G305>0,1,0)+T306 -> 36 | U305: =IF(H305>0,1,0)+U306 -> 18 | V305: =IF(I305>0,1,0)+V306 -> 18 | W305: =IF(J305>0,1,0)+W306 -> 98 | X305: =IF(K305>0,1,0)+X306 -> 82 | Y305: =IF(L305>0,1,0)+Y306 -> 29 | Z305: =IF(M305>0,1,0)+Z306 -> 17 | ... AD305: =IF(Q305>0,1,0)+AD306 -> 10 | AF305: =IF(S305<=$AT$1,F305,0) -> 0 | AG305: =IF(T305<=$AT$1,G305,0) -> 0 | AH305: =IF(U305<=$AT$1,H305,0) -> 0 | AI305: =IF(V305<=$AT$1,I305,0) -> 0 | AJ305: =IF(W305<=$AT$1,J305,0) -> 0 | AK305: =IF(X305<=$AT$1,K305,0) -> 0 | AL305: =IF(Y305<=$AT$1,L305,0) -> 0 | AM305: =IF(Z305<=$AT$1,M305,0) -> 0 | ... AQ305: =IF(AD305<=$AT$1,Q305,0) -> 0
A306: 5 | B306: 02.06.2024 | C306: MGBK-02 | D306: SPUR-07 | E306: 2830.1348 | F306: =IF(D306="SPUR-01",E306,0) -> 0 | G306: =IF(D306="SPUR-02",E306,0) -> 0 | H306: =IF(D306="SPUR-03",E306,0) -> 0 | I306: =IF(D306="SPUR-04",E306,0) -> 0 | J306: =IF(D306="SPUR-05",E306,0) -> 0 | K306: =IF(D306="SPUR-06",E306,0) -> 0 | L306: =IF(D306="SPUR-07",E306,0) -> 2830.1348 | M306: =IF(D306="SPUR-08",E306,0) -> 0 | N306: =IF(D306="SPUR-09",E306,0) -> 0 | O306: =IF(D306="SPUR-10",E306,0) -> 0 | P306: =IF(D306="SPUR-SILO",E306,0) -> 0 | Q306: =IF(D306="SPUR-DB",E306,0) -> 0 | S306: =IF(F306>0,1,0)+S307 -> 46 | T306: =IF(G306>0,1,0)+T307 -> 36 | U306: =IF(H306>0,1,0)+U307 -> 18 | V306: =IF(I306>0,1,0)+V307 -> 18 | W306: =IF(J306>0,1,0)+W307 -> 98 | X306: =IF(K306>0,1,0)+X307 -> 82 | Y306: =IF(L306>0,1,0)+Y307 -> 28 | Z306: =IF(M306>0,1,0)+Z307 -> 17 | ... AD306: =IF(Q306>0,1,0)+AD307 -> 10 | AF306: =IF(S306<=$AT$1,F306,0) -> 0 | AG306: =IF(T306<=$AT$1,G306,0) -> 0 | AH306: =IF(U306<=$AT$1,H306,0) -> 0 | AI306: =IF(V306<=$AT$1,I306,0) -> 0 | AJ306: =IF(W306<=$AT$1,J306,0) -> 0 | AK306: =IF(X306<=$AT$1,K306,0) -> 0 | AL306: =IF(Y306<=$AT$1,L306,0) -> 0 | AM306: =IF(Z306<=$AT$1,M306,0) -> 0 | ... AQ306: =IF(AD306<=$AT$1,Q306,0) -> 0
A307: 6 | B307: 02.06.2024 | C307: MGBK-03 | D307: SPUR-08 | E307: 3136.0762 | F307: =IF(D307="SPUR-01",E307,0) -> 0 | G307: =IF(D307="SPUR-02",E307,0) -> 0 | H307: =IF(D307="SPUR-03",E307,0) -> 0 | I307: =IF(D307="SPUR-04",E307,0) -> 0 | J307: =IF(D307="SPUR-05",E307,0) -> 0 | K307: =IF(D307="SPUR-06",E307,0) -> 0 | L307: =IF(D307="SPUR-07",E307,0) -> 0 | M307: =IF(D307="SPUR-08",E307,0) -> 3136.0762 | N307: =IF(D307="SPUR-09",E307,0) -> 0 | O307: =IF(D307="SPUR-10",E307,0) -> 0 | P307: =IF(D307="SPUR-SILO",E307,0) -> 0 | Q307: =IF(D307="SPUR-DB",E307,0) -> 0 | S307: =IF(F307>0,1,0)+S308 -> 46 | T307: =IF(G307>0,1,0)+T308 -> 36 | U307: =IF(H307>0,1,0)+U308 -> 18 | V307: =IF(I307>0,1,0)+V308 -> 18 | W307: =IF(J307>0,1,0)+W308 -> 98 | X307: =IF(K307>0,1,0)+X308 -> 82 | Y307: =IF(L307>0,1,0)+Y308 -> 27 | Z307: =IF(M307>0,1,0)+Z308 -> 17 | ... AD307: =IF(Q307>0,1,0)+AD308 -> 10 | AF307: =IF(S307<=$AT$1,F307,0) -> 0 | AG307: =IF(T307<=$AT$1,G307,0) -> 0 | AH307: =IF(U307<=$AT$1,H307,0) -> 0 | AI307: =IF(V307<=$AT$1,I307,0) -> 0 | AJ307: =IF(W307<=$AT$1,J307,0) -> 0 | AK307: =IF(X307<=$AT$1,K307,0) -> 0 | AL307: =IF(Y307<=$AT$1,L307,0) -> 0 | AM307: =IF(Z307<=$AT$1,M307,0) -> 0 | ... AQ307: =IF(AD307<=$AT$1,Q307,0) -> 0
A308: 7 | B308: 02.06.2024 | C308: MGBK-04 | D308: SPUR-03 | E308: 3084.4901 | F308: =IF(D308="SPUR-01",E308,0) -> 0 | G308: =IF(D308="SPUR-02",E308,0) -> 0 | H308: =IF(D308="SPUR-03",E308,0) -> 3084.4901 | I308: =IF(D308="SPUR-04",E308,0) -> 0 | J308: =IF(D308="SPUR-05",E308,0) -> 0 | K308: =IF(D308="SPUR-06",E308,0) -> 0 | L308: =IF(D308="SPUR-07",E308,0) -> 0 | M308: =IF(D308="SPUR-08",E308,0) -> 0 | N308: =IF(D308="SPUR-09",E308,0) -> 0 | O308: =IF(D308="SPUR-10",E308,0) -> 0 | P308: =IF(D308="SPUR-SILO",E308,0) -> 0 | Q308: =IF(D308="SPUR-DB",E308,0) -> 0 | S308: =IF(F308>0,1,0)+S309 -> 46 | T308: =IF(G308>0,1,0)+T309 -> 36 | U308: =IF(H308>0,1,0)+U309 -> 18 | V308: =IF(I308>0,1,0)+V309 -> 18 | W308: =IF(J308>0,1,0)+W309 -> 98 | X308: =IF(K308>0,1,0)+X309 -> 82 | Y308: =IF(L308>0,1,0)+Y309 -> 27 | Z308: =IF(M308>0,1,0)+Z309 -> 16 | ... AD308: =IF(Q308>0,1,0)+AD309 -> 10 | AF308: =IF(S308<=$AT$1,F308,0) -> 0 | AG308: =IF(T308<=$AT$1,G308,0) -> 0 | AH308: =IF(U308<=$AT$1,H308,0) -> 0 | AI308: =IF(V308<=$AT$1,I308,0) -> 0 | AJ308: =IF(W308<=$AT$1,J308,0) -> 0 | AK308: =IF(X308<=$AT$1,K308,0) -> 0 | AL308: =IF(Y308<=$AT$1,L308,0) -> 0 | AM308: =IF(Z308<=$AT$1,M308,0) -> 0 | ... AQ308: =IF(AD308<=$AT$1,Q308,0) -> 0
A309: 8 | B309: 03.06.2024 | C309: MGBK-06 | D309: SPUR-SILO | E309: 3580.34 | F309: =IF(D309="SPUR-01",E309,0) -> 0 | G309: =IF(D309="SPUR-02",E309,0) -> 0 | H309: =IF(D309="SPUR-03",E309,0) -> 0 | I309: =IF(D309="SPUR-04",E309,0) -> 0 | J309: =IF(D309="SPUR-05",E309,0) -> 0 | K309: =IF(D309="SPUR-06",E309,0) -> 0 | L309: =IF(D309="SPUR-07",E309,0) -> 0 | M309: =IF(D309="SPUR-08",E309,0) -> 0 | N309: =IF(D309="SPUR-09",E309,0) -> 0 | O309: =IF(D309="SPUR-10",E309,0) -> 0 | P309: =IF(D309="SPUR-SILO",E309,0) -> 3580.34 | Q309: =IF(D309="SPUR-DB",E309,0) -> 0 | S309: =IF(F309>0,1,0)+S310 -> 46 | T309: =IF(G309>0,1,0)+T310 -> 36 | U309: =IF(H309>0,1,0)+U310 -> 17 | V309: =IF(I309>0,1,0)+V310 -> 18 | W309: =IF(J309>0,1,0)+W310 -> 98 | X309: =IF(K309>0,1,0)+X310 -> 82 | Y309: =IF(L309>0,1,0)+Y310 -> 27 | Z309: =IF(M309>0,1,0)+Z310 -> 16 | ... AD309: =IF(Q309>0,1,0)+AD310 -> 10 | AF309: =IF(S309<=$AT$1,F309,0) -> 0 | AG309: =IF(T309<=$AT$1,G309,0) -> 0 | AH309: =IF(U309<=$AT$1,H309,0) -> 0 | AI309: =IF(V309<=$AT$1,I309,0) -> 0 | AJ309: =IF(W309<=$AT$1,J309,0) -> 0 | AK309: =IF(X309<=$AT$1,K309,0) -> 0 | AL309: =IF(Y309<=$AT$1,L309,0) -> 0 | AM309: =IF(Z309<=$AT$1,M309,0) -> 0 | ... AQ309: =IF(AD309<=$AT$1,Q309,0) -> 0
A310: 9 | B310: 03.06.2024 | C310: MGBK-07 | D310: SPUR-SILO | E310: 2887.7758 | F310: =IF(D310="SPUR-01",E310,0) -> 0 | G310: =IF(D310="SPUR-02",E310,0) -> 0 | H310: =IF(D310="SPUR-03",E310,0) -> 0 | I310: =IF(D310="SPUR-04",E310,0) -> 0 | J310: =IF(D310="SPUR-05",E310,0) -> 0 | K310: =IF(D310="SPUR-06",E310,0) -> 0 | L310: =IF(D310="SPUR-07",E310,0) -> 0 | M310: =IF(D310="SPUR-08",E310,0) -> 0 | N310: =IF(D310="SPUR-09",E310,0) -> 0 | O310: =IF(D310="SPUR-10",E310,0) -> 0 | P310: =IF(D310="SPUR-SILO",E310,0) -> 2887.7758 | Q310: =IF(D310="SPUR-DB",E310,0) -> 0 | S310: =IF(F310>0,1,0)+S311 -> 46 | T310: =IF(G310>0,1,0)+T311 -> 36 | U310: =IF(H310>0,1,0)+U311 -> 17 | V310: =IF(I310>0,1,0)+V311 -> 18 | W310: =IF(J310>0,1,0)+W311 -> 98 | X310: =IF(K310>0,1,0)+X311 -> 82 | Y310: =IF(L310>0,1,0)+Y311 -> 27 | Z310: =IF(M310>0,1,0)+Z311 -> 16 | ... AD310: =IF(Q310>0,1,0)+AD311 -> 10 | AF310: =IF(S310<=$AT$1,F310,0) -> 0 | AG310: =IF(T310<=$AT$1,G310,0) -> 0 | AH310: =IF(U310<=$AT$1,H310,0) -> 0 | AI310: =IF(V310<=$AT$1,I310,0) -> 0 | AJ310: =IF(W310<=$AT$1,J310,0) -> 0 | AK310: =IF(X310<=$AT$1,K310,0) -> 0 | AL310: =IF(Y310<=$AT$1,L310,0) -> 0 | AM310: =IF(Z310<=$AT$1,M310,0) -> 0 | ... AQ310: =IF(AD310<=$AT$1,Q310,0) -> 0
A311: 10 | B311: 03.06.2024 | C311: MGBK-05 | D311: SPUR-08 | E311: 3168.7563 | F311: =IF(D311="SPUR-01",E311,0) -> 0 | G311: =IF(D311="SPUR-02",E311,0) -> 0 | H311: =IF(D311="SPUR-03",E311,0) -> 0 | I311: =IF(D311="SPUR-04",E311,0) -> 0 | J311: =IF(D311="SPUR-05",E311,0) -> 0 | K311: =IF(D311="SPUR-06",E311,0) -> 0 | L311: =IF(D311="SPUR-07",E311,0) -> 0 | M311: =IF(D311="SPUR-08",E311,0) -> 3168.7563 | N311: =IF(D311="SPUR-09",E311,0) -> 0 | O311: =IF(D311="SPUR-10",E311,0) -> 0 | P311: =IF(D311="SPUR-SILO",E311,0) -> 0 | Q311: =IF(D311="SPUR-DB",E311,0) -> 0 | S311: =IF(F311>0,1,0)+S312 -> 46 | T311: =IF(G311>0,1,0)+T312 -> 36 | U311: =IF(H311>0,1,0)+U312 -> 17 | V311: =IF(I311>0,1,0)+V312 -> 18 | W311: =IF(J311>0,1,0)+W312 -> 98 | X311: =IF(K311>0,1,0)+X312 -> 82 | Y311: =IF(L311>0,1,0)+Y312 -> 27 | Z311: =IF(M311>0,1,0)+Z312 -> 16 | ... AD311: =IF(Q311>0,1,0)+AD312 -> 10 | AF311: =IF(S311<=$AT$1,F311,0) -> 0 | AG311: =IF(T311<=$AT$1,G311,0) -> 0 | AH311: =IF(U311<=$AT$1,H311,0) -> 0 | AI311: =IF(V311<=$AT$1,I311,0) -> 0 | AJ311: =IF(W311<=$AT$1,J311,0) -> 0 | AK311: =IF(X311<=$AT$1,K311,0) -> 0 | AL311: =IF(Y311<=$AT$1,L311,0) -> 0 | AM311: =IF(Z311<=$AT$1,M311,0) -> 0 | ... AQ311: =IF(AD311<=$AT$1,Q311,0) -> 0
A312: 11 | B312: 03.06.2024 | C312: NMGBK-01 | D312: SPUR-SENDOZ | E312: 3021.5297 | F312: =IF(D312="SPUR-01",E312,0) -> 0 | G312: =IF(D312="SPUR-02",E312,0) -> 0 | H312: =IF(D312="SPUR-03",E312,0) -> 0 | I312: =IF(D312="SPUR-04",E312,0) -> 0 | J312: =IF(D312="SPUR-05",E312,0) -> 0 | K312: =IF(D312="SPUR-06",E312,0) -> 0 | L312: =IF(D312="SPUR-07",E312,0) -> 0 | M312: =IF(D312="SPUR-08",E312,0) -> 0 | N312: =IF(D312="SPUR-09",E312,0) -> 0 | O312: =IF(D312="SPUR-10",E312,0) -> 0 | P312: =IF(D312="SPUR-SILO",E312,0) -> 0 | Q312: =IF(D312="SPUR-DB",E312,0) -> 0 | S312: =IF(F312>0,1,0)+S313 -> 46 | T312: =IF(G312>0,1,0)+T313 -> 36 | U312: =IF(H312>0,1,0)+U313 -> 17 | V312: =IF(I312>0,1,0)+V313 -> 18 | W312: =IF(J312>0,1,0)+W313 -> 98 | X312: =IF(K312>0,1,0)+X313 -> 82 | Y312: =IF(L312>0,1,0)+Y313 -> 27 | Z312: =IF(M312>0,1,0)+Z313 -> 15 | ... AD312: =IF(Q312>0,1,0)+AD313 -> 10 | AF312: =IF(S312<=$AT$1,F312,0) -> 0 | AG312: =IF(T312<=$AT$1,G312,0) -> 0 | AH312: =IF(U312<=$AT$1,H312,0) -> 0 | AI312: =IF(V312<=$AT$1,I312,0) -> 0 | AJ312: =IF(W312<=$AT$1,J312,0) -> 0 | AK312: =IF(X312<=$AT$1,K312,0) -> 0 | AL312: =IF(Y312<=$AT$1,L312,0) -> 0 | AM312: =IF(Z312<=$AT$1,M312,0) -> 0 | ... AQ312: =IF(AD312<=$AT$1,Q312,0) -> 0
A313: 12 | B313: 04.06.2024 | C313: MGBK-08 | D313: SPUR-07 | E313: 2440.7524 | F313: =IF(D313="SPUR-01",E313,0) -> 0 | G313: =IF(D313="SPUR-02",E313,0) -> 0 | H313: =IF(D313="SPUR-03",E313,0) -> 0 | I313: =IF(D313="SPUR-04",E313,0) -> 0 | J313: =IF(D313="SPUR-05",E313,0) -> 0 | K313: =IF(D313="SPUR-06",E313,0) -> 0 | L313: =IF(D313="SPUR-07",E313,0) -> 2440.7524 | M313: =IF(D313="SPUR-08",E313,0) -> 0 | N313: =IF(D313="SPUR-09",E313,0) -> 0 | O313: =IF(D313="SPUR-10",E313,0) -> 0 | P313: =IF(D313="SPUR-SILO",E313,0) -> 0 | Q313: =IF(D313="SPUR-DB",E313,0) -> 0 | S313: =IF(F313>0,1,0)+S314 -> 46 | T313: =IF(G313>0,1,0)+T314 -> 36 | U313: =IF(H313>0,1,0)+U314 -> 17 | V313: =IF(I313>0,1,0)+V314 -> 18 | W313: =IF(J313>0,1,0)+W314 -> 98 | X313: =IF(K313>0,1,0)+X314 -> 82 | Y313: =IF(L313>0,1,0)+Y314 -> 27 | Z313: =IF(M313>0,1,0)+Z314 -> 15 | ... AD313: =IF(Q313>0,1,0)+AD314 -> 10 | AF313: =IF(S313<=$AT$1,F313,0) -> 0 | AG313: =IF(T313<=$AT$1,G313,0) -> 0 | AH313: =IF(U313<=$AT$1,H313,0) -> 0 | AI313: =IF(V313<=$AT$1,I313,0) -> 0 | AJ313: =IF(W313<=$AT$1,J313,0) -> 0 | AK313: =IF(X313<=$AT$1,K313,0) -> 0 | AL313: =IF(Y313<=$AT$1,L313,0) -> 0 | AM313: =IF(Z313<=$AT$1,M313,0) -> 0 | ... AQ313: =IF(AD313<=$AT$1,Q313,0) -> 0
... A800: 67 | B800: 27.11.2024 | C800: NMGBK-58 | D800: SPUR-06 | E800: 3487.4619 | F800: =IF(D800="SPUR-01",E800,0) -> 0 | G800: =IF(D800="SPUR-02",E800,0) -> 0 | H800: =IF(D800="SPUR-03",E800,0) -> 0 | I800: =IF(D800="SPUR-04",E800,0) -> 0 | J800: =IF(D800="SPUR-05",E800,0) -> 0 | K800: =IF(D800="SPUR-06",E800,0) -> 3487.4619 | L800: =IF(D800="SPUR-07",E800,0) -> 0 | M800: =IF(D800="SPUR-08",E800,0) -> 0 | N800: =IF(D800="SPUR-09",E800,0) -> 0 | O800: =IF(D800="SPUR-10",E800,0) -> 0 | P800: =IF(D800="SPUR-SILO",E800,0) -> 0 | Q800: =IF(D800="SPUR-DB",E800,0) -> 0 | S800: =IF(F800>0,1,0)+S801 -> 0 | T800: =IF(G800>0,1,0)+T801 -> 0 | U800: =IF(H800>0,1,0)+U801 -> 0 | V800: =IF(I800>0,1,0)+V801 -> 0 | W800: =IF(J800>0,1,0)+W801 -> 0 | X800: =IF(K800>0,1,0)+X801 -> 1 | Y800: =IF(L800>0,1,0)+Y801 -> 0 | Z800: =IF(M800>0,1,0)+Z801 -> 0 | ... AD800: =IF(Q800>0,1,0)+AD801 -> 0 | AF800: =IF(S800<=$AT$1,F800,0) -> 0 | AG800: =IF(T800<=$AT$1,G800,0) -> 0 | AH800: =IF(U800<=$AT$1,H800,0) -> 0 | AI800: =IF(V800<=$AT$1,I800,0) -> 0 | AJ800: =IF(W800<=$AT$1,J800,0) -> 0 | AK800: =IF(X800<=$AT$1,K800,0) -> 3487.4619 | AL800: =IF(Y800<=$AT$1,L800,0) -> 0 | AM800: =IF(Z800<=$AT$1,M800,0) -> 0 | ... AQ800: =IF(AD800<=$AT$1,Q800,0) -> 0
F801: =IF(D801="SPUR-01",E801,0) -> 0 | G801: =IF(D801="SPUR-02",E801,0) -> 0 | H801: =IF(D801="SPUR-03",E801,0) -> 0 | I801: =IF(D801="SPUR-04",E801,0) -> 0 | J801: =IF(D801="SPUR-05",E801,0) -> 0 | K801: =IF(D801="SPUR-06",E801,0) -> 0 | L801: =IF(D801="SPUR-07",E801,0) -> 0 | M801: =IF(D801="SPUR-08",E801,0) -> 0 | N801: =IF(D801="SPUR-09",E801,0) -> 0 | O801: =IF(D801="SPUR-10",E801,0) -> 0 | P801: =IF(D801="SPUR-SILO",E801,0) -> 0 | Q801: =IF(D801="SPUR-DB",E801,0) -> 0 | S801: =IF(F801>0,1,0)+S802 -> 0 | T801: =IF(G801>0,1,0)+T802 -> 0 | U801: =IF(H801>0,1,0)+U802 -> 0 | V801: =IF(I801>0,1,0)+V802 -> 0 | W801: =IF(J801>0,1,0)+W802 -> 0 | X801: =IF(K801>0,1,0)+X802 -> 0 | Y801: =IF(L801>0,1,0)+Y802 -> 0 | Z801: =IF(M801>0,1,0)+Z802 -> 0 | ... AD801: =IF(Q801>0,1,0)+AD802 -> 0 | AF801: =IF(S801<=$AT$1,F801,0) -> 0 | AG801: =IF(T801<=$AT$1,G801,0) -> 0 | AH801: =IF(U801<=$AT$1,H801,0) -> 0 | AI801: =IF(V801<=$AT$1,I801,0) -> 0 | AJ801: =IF(W801<=$AT$1,J801,0) -> 0 | AK801: =IF(X801<=$AT$1,K801,0) -> 0 | AL801: =IF(Y801<=$AT$1,L801,0) -> 0 | AM801: =IF(Z801<=$AT$1,M801,0) -> 0 | ... AQ801: =IF(AD801<=$AT$1,Q801,0) -> 0
...

Sheet blending 
S2: SPUR | U2: Incoming | V2: Desired | W2: ucl | X2: lcl
S3: 8 | U3: 3000 | V3: 3300 | W3: =V3*1.07 -> 3531 | X3: =V3*0.93 -> 3069
F5: Quantity top | G5: GCV top | H5: GCV BTM | J5: Aging | K5: Blended GCV@20% | L5: Blended GCV @15% | M5: Blended GCV @10% | N5: Blending possibility @ 20% | O5: Blending possibility @ 15% | P5: Blending possibility @ 10% | Q5: Blending possible | R5: Priority as per aging | S5: Priority to create approch to bottom coal | T5: PRIORITY | Z5: COAL RANGE | AA5: GCV
E6: PILE 1A | F6: =IF('summery '!D$23>1000,'summery '!D$23,'summery '!D$25+'summery '!D$23) -> 10140 | G6: =IF('summery '!D$23>1000,'summery '!D$22,'summery '!D$21) -> 3409.9234 | H6: ='summery '!D$24 -> 3147.8794 | I6: =H6-G6 -> -262.04396 | J6: ='summery '!D27 -> 98.166667 | K6: =IF(F6>3700*0.2,$U$3*0.8+G6*0.2,0) -> 3081.9847 | L6: =IF(G6>3700*0.15,$U$3*0.85+G6*0.15,0) -> 3061.4885 | M6: =IF(K6>3700*0.1,$U$3*0.9+G6*0.1,0) -> 3040.9923 | N6: =IF(AND(K6>$X$3,K6<$W$3),K6,0) -> 3081.9847 | O6: =IF(AND(L6>$X$3,L6<$W$3),L6,0) -> 0 | P6: =IF(AND(M6>$X$3,M6<$W$3),M6,0) -> 0 | Q6: =IF((N6+O6+P6)>0,1,0) -> 1 | R6: =IF(AND(Q6=1,(J6-AVERAGE(J6:J22))>0),1,0) -> 1 | S6: =IF((H6-G6)>100,1,0) -> 0 | T6: =IF(Q6=1,(R6+S6+Q6),0) -> 2 | Z6: ='summery '!B28 -> >3500 | AA6: ='summery '!C28 -> 89439 | AB6: =AA6/$AA$9*100 -> 29.315131
E7: PILE 1B | F7: =IF('summery '!E$23>1000,'summery '!E$23,'summery '!E$25+'summery '!E$23) -> 21723 | G7: =IF('summery '!E$23>1000,'summery '!E$22,'summery '!E$21) -> 3042.5866 | H7: ='summery '!E$24 -> 2772.6332 | I7: =H7-G7 -> -269.95341 | J7: ='summery '!E$27 -> 99.1 | K7: =IF(F7>3700*0.2,$U$3*0.8+G7*0.2,0) -> 3008.5173 | L7: =IF(G7>3700*0.15,$U$3*0.85+G7*0.15,0) -> 3006.388 | M7: =IF(K7>3700*0.1,$U$3*0.9+G7*0.1,0) -> 3004.2587 | N7: =IF(AND(K7>$X$3,K7<$W$3),K7,0) -> 0 | O7: =IF(AND(L7>$X$3,L7<$W$3),L7,0) -> 0 | P7: =IF(AND(M7>$X$3,M7<$W$3),M7,0) -> 0 | Q7: =IF((N7+O7+P7)>0,1,0) -> 0 | R7: =IF(AND(Q7=1,(J7-AVERAGE(J7:J23))>0),1,0) -> 0 | S7: =IF((H7-G7)>100,1,0) -> 0 | T7: =IF(Q7=1,(R7+S7+Q7),0) -> 0 | Z7: ='summery '!B29 -> 3100-3500 | AA7: ='summery '!C29 -> 134412 | AB7: =AA7/$AA$9*100 -> 44.055786
E8: PILE 1C | F8: =IF('summery '!F$23>1000,'summery '!F$23,'summery '!F$25+'summery '!F$23) -> 10680 | G8: =IF('summery '!F$23>1000,'summery '!F$22,'summery '!F$21) -> 3501.7591 | H8: ='summery '!F$24 -> 3552.1039 | I8: =H8-G8 -> 50.344824 | J8: ='summery '!F$27 -> 98.333333 | K8: =IF(F8>3700*0.2,$U$3*0.8+G8*0.2,0) -> 3100.3518 | L8: =IF(G8>3700*0.15,$U$3*0.85+G8*0.15,0) -> 3075.2639 | M8: =IF(K8>3700*0.1,$U$3*0.9+G8*0.1,0) -> 3050.1759 | N8: =IF(AND(K8>$X$3,K8<$W$3),K8,0) -> 3100.3518 | O8: =IF(AND(L8>$X$3,L8<$W$3),L8,0) -> 3075.2639 | P8: =IF(AND(M8>$X$3,M8<$W$3),M8,0) -> 0 | Q8: =IF((N8+O8+P8)>0,1,0) -> 1 | R8: =IF(AND(Q8=1,(J8-AVERAGE(J8:J24))>0),1,0) -> 1 | S8: =IF((H8-G8)>100,1,0) -> 0 | T8: =IF(Q8=1,(R8+S8+Q8),0) -> 2 | Z8: ='summery '!B30 -> <3100 | AA8: ='summery '!C30 -> 81244 | AB8: =AA8/$AA$9*100 -> 26.629083
E9: PILE 1D | F9: =IF('summery '!G$23>1000,'summery '!G$23,'summery '!G$25+'summery '!G$23) -> 14369 | G9: =IF('summery '!G$23>1000,'summery '!G$22,'summery '!G$21) -> 3528.6696 | H9: ='summery '!G$24 -> 3382.8842 | I9: =H9-G9 -> -145.78535 | J9: ='summery '!G$27 -> 94 | K9: =IF(F9>3700*0.2,$U$3*0.8+G9*0.2,0) -> 3105.7339 | L9: =IF(G9>3700*0.15,$U$3*0.85+G9*0.15,0) -> 3079.3004 | M9: =IF(K9>3700*0.1,$U$3*0.9+G9*0.1,0) -> 3052.867 | N9: =IF(AND(K9>$X$3,K9<$W$3),K9,0) -> 3105.7339 | O9: =IF(AND(L9>$X$3,L9<$W$3),L9,0) -> 3079.3004 | P9: =IF(AND(M9>$X$3,M9<$W$3),M9,0) -> 0 | Q9: =IF((N9+O9+P9)>0,1,0) -> 1 | R9: =IF(AND(Q9=1,(J9-AVERAGE(J9:J25))>0),1,0) -> 1 | S9: =IF((H9-G9)>100,1,0) -> 0 | T9: =IF(Q9=1,(R9+S9+Q9),0) -> 2 | AA9: =SUM(AA6:AA8) -> 305095
E10: PILE 2A | F10: =IF('summery '!H$23>1000,'summery '!H$23,'summery '!H$25+'summery '!H$23) -> 7950 | G10: =IF('summery '!H$23>1000,'summery '!H$22,'summery '!H$21) -> 2654.5665 | H10: ='summery '!H$24 -> 2654.5665 | I10: =H10-G10 -> 0 | J10: ='summery '!H$27 -> 65.5 | K10: =IF(F10>3700*0.2,$U$3*0.8+G10*0.2,0) -> 2930.9133 | L10: =IF(G10>3700*0.15,$U$3*0.85+G10*0.15,0) -> 2948.185 | M10: =IF(K10>3700*0.1,$U$3*0.9+G10*0.1,0) -> 2965.4567 | N10: =IF(AND(K10>$X$3,K10<$W$3),K10,0) -> 0 | O10: =IF(AND(L10>$X$3,L10<$W$3),L10,0) -> 0 | P10: =IF(AND(M10>$X$3,M10<$W$3),M10,0) -> 0 | Q10: =IF((N10+O10+P10)>0,1,0) -> 0 | R10: =IF(AND(Q10=1,(J10-AVERAGE(J10:J26))>0),1,0) -> 0 | S10: =IF((H10-G10)>100,1,0) -> 0 | T10: =IF(Q10=1,(R10+S10+Q10),0) -> 0
E11: PILE 2B | F11: =IF('summery '!I$23>1000,'summery '!I$23,'summery '!I$25+'summery '!I$23) -> 8405 | G11: =IF('summery '!I$23>1000,'summery '!I$22,'summery '!I$21) -> 3317.6894 | H11: ='summery '!I$24 -> 3317.6894 | I11: =H11-G11 -> 0 | J11: ='summery '!I$27 -> 64.5 | K11: =IF(F11>3700*0.2,$U$3*0.8+G11*0.2,0) -> 3063.5379 | L11: =IF(G11>3700*0.15,$U$3*0.85+G11*0.15,0) -> 3047.6534 | M11: =IF(K11>3700*0.1,$U$3*0.9+G11*0.1,0) -> 3031.7689 | N11: =IF(AND(K11>$X$3,K11<$W$3),K11,0) -> 0 | O11: =IF(AND(L11>$X$3,L11<$W$3),L11,0) -> 0 | P11: =IF(AND(M11>$X$3,M11<$W$3),M11,0) -> 0 | Q11: =IF((N11+O11+P11)>0,1,0) -> 0 | R11: =IF(AND(Q11=1,(J11-AVERAGE(J11:J27))>0),1,0) -> 0 | S11: =IF((H11-G11)>100,1,0) -> 0 | T11: =IF(Q11=1,(R11+S11+Q11),0) -> 0
E12: PILE 2C | F12: =IF('summery '!J$23>1000,'summery '!J$23,'summery '!J$25+'summery '!J$23) -> 8800 | G12: =IF('summery '!J$23>1000,'summery '!J$22,'summery '!J$21) -> 3323.8239 | H12: ='summery '!J$24 -> 3128.8261 | I12: =H12-G12 -> -194.99773 | J12: ='summery '!J$27 -> 95.75 | K12: =IF(F12>3700*0.2,$U$3*0.8+G12*0.2,0) -> 3064.7648 | L12: =IF(G12>3700*0.15,$U$3*0.85+G12*0.15,0) -> 3048.5736 | M12: =IF(K12>3700*0.1,$U$3*0.9+G12*0.1,0) -> 3032.3824 | N12: =IF(AND(K12>$X$3,K12<$W$3),K12,0) -> 0 | O12: =IF(AND(L12>$X$3,L12<$W$3),L12,0) -> 0 | P12: =IF(AND(M12>$X$3,M12<$W$3),M12,0) -> 0 | Q12: =IF((N12+O12+P12)>0,1,0) -> 0 | R12: =IF(AND(Q12=1,(J12-AVERAGE(J12:J28))>0),1,0) -> 0 | S12: =IF((H12-G12)>100,1,0) -> 0 | T12: =IF(Q12=1,(R12+S12+Q12),0) -> 0 | Z12: COAL RANGE | AA12: GCV
E13: PILE 2D | F13: =IF('summery '!K$23>1000,'summery '!K$23,'summery '!K$25+'summery '!K$23) -> 7506 | G13: =IF('summery '!K$23>1000,'summery '!K$22,'summery '!K$21) -> 3637 | H13: ='summery '!K$24 -> 3637 | I13: =H13-G13 -> 0 | J13: ='summery '!K$27 -> 63.5 | K13: =IF(F13>3700*0.2,$U$3*0.8+G13*0.2,0) -> 3127.4 | L13: =IF(G13>3700*0.15,$U$3*0.85+G13*0.15,0) -> 3095.55 | M13: =IF(K13>3700*0.1,$U$3*0.9+G13*0.1,0) -> 3063.7 | N13: =IF(AND(K13>$X$3,K13<$W$3),K13,0) -> 3127.4 | O13: =IF(AND(L13>$X$3,L13<$W$3),L13,0) -> 3095.55 | P13: =IF(AND(M13>$X$3,M13<$W$3),M13,0) -> 0 | Q13: =IF((N13+O13+P13)>0,1,0) -> 1 | R13: =IF(AND(Q13=1,(J13-AVERAGE(J13:J29))>0),1,0) -> 0 | S13: =IF((H13-G13)>100,1,0) -> 0 | T13: =IF(Q13=1,(R13+S13+Q13),0) -> 1 | Z13: >3500 | AA13: 13424.18 | AB13: =AA13/(SUM($AA$13:$AA$15))*100 -> 11
E14: PILE 3A | F14: =IF('summery '!L$23>1000,'summery '!L$23,'summery '!L$25+'summery '!L$23) -> 10277 | G14: =IF('summery '!L$23>1000,'summery '!L$22,'summery '!L$21) -> 3090.8703 | H14: ='summery '!L$24 -> 3090.8703 | I14: =H14-G14 -> 0 | J14: ='summery '!L$27 -> 115.33333 | K14: =IF(F14>3700*0.2,$U$3*0.8+G14*0.2,0) -> 3018.1741 | L14: =IF(G14>3700*0.15,$U$3*0.85+G14*0.15,0) -> 3013.6305 | M14: =IF(K14>3700*0.1,$U$3*0.9+G14*0.1,0) -> 3009.087 | N14: =IF(AND(K14>$X$3,K14<$W$3),K14,0) -> 0 | O14: =IF(AND(L14>$X$3,L14<$W$3),L14,0) -> 0 | P14: =IF(AND(M14>$X$3,M14<$W$3),M14,0) -> 0 | Q14: =IF((N14+O14+P14)>0,1,0) -> 0 | R14: =IF(AND(Q14=1,(J14-AVERAGE(J14:J30))>0),1,0) -> 0 | S14: =IF((H14-G14)>100,1,0) -> 0 | T14: =IF(Q14=1,(R14+S14+Q14),0) -> 0 | Z14: 3100-3500 | AA14: 40272.54 | AB14: =AA14/(SUM($AA$13:$AA$15))*100 -> 33
E15: PILE 3B | F15: =IF('summery '!M$23>1000,'summery '!M$23,'summery '!M$25+'summery '!M$23) -> 3032 | G15: =IF('summery '!M$23>1000,'summery '!M$22,'summery '!M$21) -> 3173 | H15: ='summery '!M$24 -> 3022.4934 | I15: =H15-G15 -> -150.50659 | J15: ='summery '!M$27 -> 134.8 | K15: =IF(F15>3700*0.2,$U$3*0.8+G15*0.2,0) -> 3034.6 | L15: =IF(G15>3700*0.15,$U$3*0.85+G15*0.15,0) -> 3025.95 | M15: =IF(K15>3700*0.1,$U$3*0.9+G15*0.1,0) -> 3017.3 | N15: =IF(AND(K15>$X$3,K15<$W$3),K15,0) -> 0 | O15: =IF(AND(L15>$X$3,L15<$W$3),L15,0) -> 0 | P15: =IF(AND(M15>$X$3,M15<$W$3),M15,0) -> 0 | Q15: =IF((N15+O15+P15)>0,1,0) -> 0 | R15: =IF(AND(Q15=1,(J15-AVERAGE(J15:J31))>0),1,0) -> 0 | S15: =IF((H15-G15)>100,1,0) -> 0 | T15: =IF(Q15=1,(R15+S15+Q15),0) -> 0 | Z15: <3100 | AA15: 68341.28 | AB15: =AA15/(SUM($AA$13:$AA$15))*100 -> 56
E16: PILE 3C | F16: =IF('summery '!N$23>1000,'summery '!N$23,'summery '!N$25+'summery '!N$23) -> 3348 | G16: =IF('summery '!N$23>1000,'summery '!N$22,'summery '!N$21) -> 3153 | H16: ='summery '!N$24 -> 3082.9437 | I16: =H16-G16 -> -70.056264 | J16: ='summery '!N$27 -> 68 | K16: =IF(F16>3700*0.2,$U$3*0.8+G16*0.2,0) -> 3030.6 | L16: =IF(G16>3700*0.15,$U$3*0.85+G16*0.15,0) -> 3022.95 | M16: =IF(K16>3700*0.1,$U$3*0.9+G16*0.1,0) -> 3015.3 | N16: =IF(AND(K16>$X$3,K16<$W$3),K16,0) -> 0 | O16: =IF(AND(L16>$X$3,L16<$W$3),L16,0) -> 0 | P16: =IF(AND(M16>$X$3,M16<$W$3),M16,0) -> 0 | Q16: =IF((N16+O16+P16)>0,1,0) -> 0 | R16: =IF(AND(Q16=1,(J16-AVERAGE(J16:J32))>0),1,0) -> 0 | S16: =IF((H16-G16)>100,1,0) -> 0 | T16: =IF(Q16=1,(R16+S16+Q16),0) -> 0
E17: PILE 3D | F17: =IF('summery '!O$23>1000,'summery '!O$23,'summery '!O$25+'summery '!O$23) -> 10173 | G17: =IF('summery '!O$23>1000,'summery '!O$22,'summery '!O$21) -> 3301.3502 | H17: ='summery '!O$24 -> 3203.6368 | I17: =H17-G17 -> -97.713353 | J17: ='summery '!O$27 -> 70.666667 | K17: =IF(F17>3700*0.2,$U$3*0.8+G17*0.2,0) -> 3060.27 | L17: =IF(G17>3700*0.15,$U$3*0.85+G17*0.15,0) -> 3045.2025 | M17: =IF(K17>3700*0.1,$U$3*0.9+G17*0.1,0) -> 3030.135 | N17: =IF(AND(K17>$X$3,K17<$W$3),K17,0) -> 0 | O17: =IF(AND(L17>$X$3,L17<$W$3),L17,0) -> 0 | P17: =IF(AND(M17>$X$3,M17<$W$3),M17,0) -> 0 | Q17: =IF((N17+O17+P17)>0,1,0) -> 0 | R17: =IF(AND(Q17=1,(J17-AVERAGE(J17:J33))>0),1,0) -> 0 | S17: =IF((H17-G17)>100,1,0) -> 0 | T17: =IF(Q17=1,(R17+S17+Q17),0) -> 0
E18: PILE 4A | F18: =IF('summery '!P$23>1000,'summery '!P$23,'summery '!P$25+'summery '!P$23) -> 12261 | G18: =IF('summery '!P$23>1000,'summery '!P$22,'summery '!P$21) -> 3079.3618 | H18: ='summery '!P$24 -> 3234.7771 | I18: =H18-G18 -> 155.41526 | J18: ='summery '!P$27 -> 86.5 | K18: =IF(F18>3700*0.2,$U$3*0.8+G18*0.2,0) -> 3015.8724 | L18: =IF(G18>3700*0.15,$U$3*0.85+G18*0.15,0) -> 3011.9043 | M18: =IF(K18>3700*0.1,$U$3*0.9+G18*0.1,0) -> 3007.9362 | N18: =IF(AND(K18>$X$3,K18<$W$3),K18,0) -> 0 | O18: =IF(AND(L18>$X$3,L18<$W$3),L18,0) -> 0 | P18: =IF(AND(M18>$X$3,M18<$W$3),M18,0) -> 0 | Q18: =IF((N18+O18+P18)>0,1,0) -> 0 | R18: =IF(AND(Q18=1,(J18-AVERAGE(J18:J34))>0),1,0) -> 0 | S18: =IF((H18-G18)>100,1,0) -> 1 | T18: =IF(Q18=1,(R18+S18+Q18),0) -> 0
E19: PILE 4B | F19: =IF('summery '!Q$23>1000,'summery '!Q$23,'summery '!Q$25+'summery '!Q$23) -> 9297 | G19: =IF('summery '!Q$23>1000,'summery '!Q$22,'summery '!Q$21) -> 3544.9722 | H19: ='summery '!Q$24 -> 3321.6321 | I19: =H19-G19 -> -223.34006 | J19: ='summery '!Q$27 -> 103.6 | K19: =IF(F19>3700*0.2,$U$3*0.8+G19*0.2,0) -> 3108.9944 | L19: =IF(G19>3700*0.15,$U$3*0.85+G19*0.15,0) -> 3081.7458 | M19: =IF(K19>3700*0.1,$U$3*0.9+G19*0.1,0) -> 3054.4972 | N19: =IF(AND(K19>$X$3,K19<$W$3),K19,0) -> 3108.9944 | O19: =IF(AND(L19>$X$3,L19<$W$3),L19,0) -> 3081.7458 | P19: =IF(AND(M19>$X$3,M19<$W$3),M19,0) -> 0 | Q19: =IF((N19+O19+P19)>0,1,0) -> 1 | R19: =IF(AND(Q19=1,(J19-AVERAGE(J19:J35))>0),1,0) -> 1 | S19: =IF((H19-G19)>100,1,0) -> 0 | T19: =IF(Q19=1,(R19+S19+Q19),0) -> 2
E20: PILE 4C | F20: =IF('summery '!R$23>1000,'summery '!R$23,'summery '!R$25+'summery '!R$23) -> 5202 | G20: =IF('summery '!R$23>1000,'summery '!R$22,'summery '!R$21) -> 3337.5721 | H20: ='summery '!R$24 -> 3565.9083 | I20: =H20-G20 -> 228.33618 | J20: ='summery '!R$27 -> 100.57143 | K20: =IF(F20>3700*0.2,$U$3*0.8+G20*0.2,0) -> 3067.5144 | L20: =IF(G20>3700*0.15,$U$3*0.85+G20*0.15,0) -> 3050.6358 | M20: =IF(K20>3700*0.1,$U$3*0.9+G20*0.1,0) -> 3033.7572 | N20: =IF(AND(K20>$X$3,K20<$W$3),K20,0) -> 0 | O20: =IF(AND(L20>$X$3,L20<$W$3),L20,0) -> 0 | P20: =IF(AND(M20>$X$3,M20<$W$3),M20,0) -> 0 | Q20: =IF((N20+O20+P20)>0,1,0) -> 0 | R20: =IF(AND(Q20=1,(J20-AVERAGE(J20:J36))>0),1,0) -> 0 | S20: =IF((H20-G20)>100,1,0) -> 1 | T20: =IF(Q20=1,(R20+S20+Q20),0) -> 0
E21: PILE 4D | F21: =IF('summery '!S$23>1000,'summery '!S$23,'summery '!S$25+'summery '!S$23) -> 2237 | G21: =IF('summery '!S$23>1000,'summery '!S$22,'summery '!S$21) -> 3248 | H21: ='summery '!S$24 -> 3371.1751 | I21: =H21-G21 -> 123.17514 | J21: ='summery '!S$27 -> 95.6 | K21: =IF(F21>3700*0.2,$U$3*0.8+G21*0.2,0) -> 3049.6 | L21: =IF(G21>3700*0.15,$U$3*0.85+G21*0.15,0) -> 3037.2 | M21: =IF(K21>3700*0.1,$U$3*0.9+G21*0.1,0) -> 3024.8 | N21: =IF(AND(K21>$X$3,K21<$W$3),K21,0) -> 0 | O21: =IF(AND(L21>$X$3,L21<$W$3),L21,0) -> 0 | P21: =IF(AND(M21>$X$3,M21<$W$3),M21,0) -> 0 | Q21: =IF((N21+O21+P21)>0,1,0) -> 0 | R21: =IF(AND(Q21=1,(J21-AVERAGE(J21:J37))>0),1,0) -> 0 | S21: =IF((H21-G21)>100,1,0) -> 1 | T21: =IF(Q21=1,(R21+S21+Q21),0) -> 0
E22: WT | F22: =IF('summery '!T$23>1000,'summery '!T$23,'summery '!T$25+'summery '!T$23) -> 4000 | G22: =IF('summery '!T$23>1000,'summery '!T$22,'summery '!T$21) -> 3200 | H22: ='summery '!T$24 -> 3200 | I22: =H22-G22 -> 0 | J22: ='summery '!T$27 -> 0 | K22: =IF(F22>3700*0.2,$U$3*0.8+G22*0.2,0) -> 3040 | L22: =IF(G22>3700*0.15,$U$3*0.85+G22*0.15,0) -> 3030 | M22: =IF(K22>3700*0.1,$U$3*0.9+G22*0.1,0) -> 3020 | N22: =IF(AND(K22>$X$3,K22<$W$3),K22,0) -> 0 | O22: =IF(AND(L22>$X$3,L22<$W$3),L22,0) -> 0 | P22: =IF(AND(M22>$X$3,M22<$W$3),M22,0) -> 0 | Q22: =IF((N22+O22+P22)>0,1,0) -> 0 | R22: =IF(AND(Q22=1,(J22-AVERAGE(J22:J38))>0),1,0) -> 0 | S22: =IF((H22-G22)>100,1,0) -> 0 | T22: =IF(Q22=1,(R22+S22+Q22),0) -> 0
N23: =COUNTIF((N6:N22),">0") -> 5 | O23: =COUNTIF((O6:O22),">0") -> 4 | P23: =COUNTIF((P6:P22),">0") -> 0
E24: Blednding possible to get desired quality | N24: =SUM(N23:P23) -> 9
D25: Direct feeding | E25: Direct feeding when incoming coal is within range and stock yard is healthy ( low gcv coal <10%) | N25: =IF(AND(U3<W3,U3>X3,AB6<10),1,0) -> 0
D26: Direct feeding | E26: Direct feeding when coal quality is good (3500-3900) and good coal quantity is high (> 80%) | N26: =IF(AND(U3>3500,U3<4000,AB8>70),1,0) -> 0
D27: Direct feeding | E27: Direct feeding when coal quality is low and good coal quantity is not availble | N27: =IF(AND(U3<3000,U3>2300,AB6>80),1,0) -> 0
D28: Blending with direct feeding | E28: Blending when incoming coal is within range , low GCV coal >10% , blending option availble to maintain GCV range | N28: =IF( AND(U3>X3,U3<W3,AB6>10,N24>0),1,0) -> 0
D29: Blending with direct feeding | E29: Blending when incoming coal is out of range , blending option availble to maintain GCV range | N29: =IF(AND(OR(U3>W3,U3<X3),N24>0),1,0) -> 1
D30: Stacking | E30: if there no blending suggestion and direct feeding suggetion then suggestion for stalking | N30: =IF(SUM(N25:P29)=0,1,0) -> 0

Sheet PILE-1A
A3: summery
A5: STACKING DATE | B5: RAKE NO | C5: SPUR | D5: SUB PILE | E5: TOP/BOTTOM | F5: ST QNTY | G5: GCV | I5: RECLIAM DATE | J5: RC-QNTY | K5: AVAILABLE QUANTITY | L5: AGING | M5: TOP GCV | N5: TOP QNTY | O5: BTM GCV | P5: BTM QNTY | Q5: coal above 3500 | R5: 3100-3500 | S5: <3100
A6: 45579 | B6: 27 | C6: 2 | D6: 1 | E6: B | F6: 3385 | G6: 3304 | H6: As per result | K6: =F6-J6 -> 3385 | L6: =IF(F6=0,0,(TODAY()-A6)) -> 109 | M6: =IF(E6="T",G6,0) -> 0 | N6: =IF(E6="T",K6,0) -> 0 | O6: =IF(E6="B",G6,0) -> 3304 | P6: =IF(E6="B",K6,0) -> 3385 | Q6: =IF(G6>3500,K6,0) -> 0 | R6: =IF(AND(G6>=3100,G6<=3500),K6,0) -> 3385 | S6: =IF(G6<3100,K6,0) -> 0 | U6: =IF(C6=1,1,0) -> 0 | V6: =IF(C6=2,1,0) -> 1 | W6: =IF(C6=3,1,0) -> 0 | X6: =IF(C6=4,1,0) -> 0 | Y6: =IF(C6=5,1,0) -> 0 | Z6: =IF(C6=6,1,0) -> 0 | AA6: =IF(C6=7,1,0) -> 0 | AB6: =IF(C6=8,1,0) -> 0 | AC6: =IF(C6=9,1,0) -> 0 | AD6: =IF(C6=10,1,0) -> 0 | AE6: =IF(C6="SILO",1,0) -> 0 | AF6: =IF(C6="CB",1,0) -> 0
A7: 45580 | B7: 29 | C7: 2 | D7: 1 | E7: B | F7: 3092 | G7: 3244 | H7: As per result | K7: =F7-J7 -> 3092 | L7: =IF(F7=0,0,(TODAY()-A7)) -> 108 | M7: =IF(E7="T",G7,0) -> 0 | N7: =IF(E7="T",K7,0) -> 0 | O7: =IF(E7="B",G7,0) -> 3244 | P7: =IF(E7="B",K7,0) -> 3092 | Q7: =IF(G7>3500,K7,0) -> 0 | R7: =IF(AND(G7>=3100,G7<=3500),K7,0) -> 3092 | S7: =IF(G7<3100,K7,0) -> 0 | U7: =IF(C7=1,1,0) -> 0 | V7: =IF(C7=2,1,0) -> 1 | W7: =IF(C7=3,1,0) -> 0 | X7: =IF(C7=4,1,0) -> 0 | Y7: =IF(C7=5,1,0) -> 0 | Z7: =IF(C7=6,1,0) -> 0 | AA7: =IF(C7=7,1,0) -> 0 | AB7: =IF(C7=8,1,0) -> 0 | AC7: =IF(C7=9,1,0) -> 0 | AD7: =IF(C7=10,1,0) -> 0 | AE7: =IF(C7="SILO",1,0) -> 0 | AF7: =IF(C7="CB",1,0) -> 0
A8: 45590 | B8: 58 | C8: SILO | D8: 2 | E8: B | F8: 4668 | G8: 2971 | H8: As per result | K8: =F8-J8 -> 4668 | L8: =IF(F8=0,0,(TODAY()-A8)) -> 98 | M8: =IF(E8="T",G8,0) -> 0 | N8: =IF(E8="T",K8,0) -> 0 | O8: =IF(E8="B",G8,0) -> 2971 | P8: =IF(E8="B",K8,0) -> 4668 | Q8: =IF(G8>3500,K8,0) -> 0 | R8: =IF(AND(G8>=3100,G8<=3500),K8,0) -> 0 | S8: =IF(G8<3100,K8,0) -> 4668 | U8: =IF(C8=1,1,0) -> 0 | V8: =IF(C8=2,1,0) -> 0 | W8: =IF(C8=3,1,0) -> 0 | X8: =IF(C8=4,1,0) -> 0 | Y8: =IF(C8=5,1,0) -> 0 | Z8: =IF(C8=6,1,0) -> 0 | AA8: =IF(C8=7,1,0) -> 0 | AB8: =IF(C8=8,1,0) -> 0 | AC8: =IF(C8=9,1,0) -> 0 | AD8: =IF(C8=10,1,0) -> 0 | AE8: =IF(C8="SILO",1,0) -> 1 | AF8: =IF(C8="CB",1,0) -> 0
A9: 45591 | B9: 65 | C9: SILO | D9: 2 | E9: T | F9: 3555 | G9: 3585 | H9: As per result | K9: =F9-J9 -> 3555 | L9: =IF(F9=0,0,(TODAY()-A9)) -> 97 | M9: =IF(E9="T",G9,0) -> 3585 | N9: =IF(E9="T",K9,0) -> 3555 | O9: =IF(E9="B",G9,0) -> 0 | P9: =IF(E9="B",K9,0) -> 0 | Q9: =IF(G9>3500,K9,0) -> 3555 | R9: =IF(AND(G9>=3100,G9<=3500),K9,0) -> 0 | S9: =IF(G9<3100,K9,0) -> 0 | U9: =IF(C9=1,1,0) -> 0 | V9: =IF(C9=2,1,0) -> 0 | W9: =IF(C9=3,1,0) -> 0 | X9: =IF(C9=4,1,0) -> 0 | Y9: =IF(C9=5,1,0) -> 0 | Z9: =IF(C9=6,1,0) -> 0 | AA9: =IF(C9=7,1,0) -> 0 | AB9: =IF(C9=8,1,0) -> 0 | AC9: =IF(C9=9,1,0) -> 0 | AD9: =IF(C9=10,1,0) -> 0 | AE9: =IF(C9="SILO",1,0) -> 1 | AF9: =IF(C9="CB",1,0) -> 0
A10: 45591 | B10: 68 | C10: SILO | D10: 2 | E10: T | F10: 3246 | G10: 3753 | H10: As per result | K10: =F10-J10 -> 3246 | L10: =IF(F10=0,0,(TODAY()-A10)) -> 97 | M10: =IF(E10="T",G10,0) -> 3753 | N10: =IF(E10="T",K10,0) -> 3246 | O10: =IF(E10="B",G10,0) -> 0 | P10: =IF(E10="B",K10,0) -> 0 | Q10: =IF(G10>3500,K10,0) -> 3246 | R10: =IF(AND(G10>=3100,G10<=3500),K10,0) -> 0 | S10: =IF(G10<3100,K10,0) -> 0 | U10: =IF(C10=1,1,0) -> 0 | V10: =IF(C10=2,1,0) -> 0 | W10: =IF(C10=3,1,0) -> 0 | X10: =IF(C10=4,1,0) -> 0 | Y10: =IF(C10=5,1,0) -> 0 | Z10: =IF(C10=6,1,0) -> 0 | AA10: =IF(C10=7,1,0) -> 0 | AB10: =IF(C10=8,1,0) -> 0 | AC10: =IF(C10=9,1,0) -> 0 | AD10: =IF(C10=10,1,0) -> 0 | AE10: =IF(C10="SILO",1,0) -> 1 | AF10: =IF(C10="CB",1,0) -> 0
A11: 45608 | B11: 19 | C11: 2 | D11: 1 | E11: T | F11: 3339 | G11: 2890 | H11: As per result | K11: =F11-J11 -> 3339 | L11: =IF(F11=0,0,(TODAY()-A11)) -> 80 | M11: =IF(E11="T",G11,0) -> 2890 | N11: =IF(E11="T",K11,0) -> 3339 | O11: =IF(E11="B",G11,0) -> 0 | P11: =IF(E11="B",K11,0) -> 0 | Q11: =IF(G11>3500,K11,0) -> 0 | R11: =IF(AND(G11>=3100,G11<=3500),K11,0) -> 0 | S11: =IF(G11<3100,K11,0) -> 3339 | U11: =IF(C11=1,1,0) -> 0 | V11: =IF(C11=2,1,0) -> 1 | W11: =IF(C11=3,1,0) -> 0 | X11: =IF(C11=4,1,0) -> 0 | Y11: =IF(C11=5,1,0) -> 0 | Z11: =IF(C11=6,1,0) -> 0 | AA11: =IF(C11=7,1,0) -> 0 | AB11: =IF(C11=8,1,0) -> 0 | AC11: =IF(C11=9,1,0) -> 0 | AD11: =IF(C11=10,1,0) -> 0 | AE11: =IF(C11="SILO",1,0) -> 0 | AF11: =IF(C11="CB",1,0) -> 0
K12: =F12-J12 -> 0 | L12: =IF(F12=0,0,(TODAY()-A12)) -> 0 | M12: =IF(E12="T",G12,0) -> 0 | N12: =IF(E12="T",K12,0) -> 0 | O12: =IF(E12="B",G12,0) -> 0 | P12: =IF(E12="B",K12,0) -> 0 | Q12: =IF(G12>3500,K12,0) -> 0 | R12: =IF(AND(G12>=3100,G12<=3500),K12,0) -> 0 | S12: =IF(G12<3100,K12,0) -> 0 | U12: =IF(C12=1,1,0) -> 0 | V12: =IF(C12=2,1,0) -> 0 | W12: =IF(C12=3,1,0) -> 0 | X12: =IF(C12=4,1,0) -> 0 | Y12: =IF(C12=5,1,0) -> 0 | Z12: =IF(C12=6,1,0) -> 0 | AA12: =IF(C12=7,1,0) -> 0 | AB12: =IF(C12=8,1,0) -> 0 | AC12: =IF(C12=9,1,0) -> 0 | AD12: =IF(C12=10,1,0) -> 0 | AE12: =IF(C12="SILO",1,0) -> 0 | AF12: =IF(C12="CB",1,0) -> 0
K13: =F13-J13 -> 0 | L13: =IF(F13=0,0,(TODAY()-A13)) -> 0 | M13: =IF(E13="T",G13,0) -> 0 | N13: =IF(E13="T",K13,0) -> 0 | O13: =IF(E13="B",G13,0) -> 0 | P13: =IF(E13="B",K13,0) -> 0 | Q13: =IF(G13>3500,K13,0) -> 0 | R13: =IF(AND(G13>=3100,G13<=3500),K13,0) -> 0 | S13: =IF(G13<3100,K13,0) -> 0 | U13: =IF(C13=1,1,0) -> 0 | V13: =IF(C13=2,1,0) -> 0 | W13: =IF(C13=3,1,0) -> 0 | X13: =IF(C13=4,1,0) -> 0 | Y13: =IF(C13=5,1,0) -> 0 | Z13: =IF(C13=6,1,0) -> 0 | AA13: =IF(C13=7,1,0) -> 0 | AB13: =IF(C13=8,1,0) -> 0 | AC13: =IF(C13=9,1,0) -> 0 | AD13: =IF(C13=10,1,0) -> 0 | AE13: =IF(C13="SILO",1,0) -> 0 | AF13: =IF(C13="CB",1,0) -> 0
K14: =F14-J14 -> 0 | L14: =IF(F14=0,0,(TODAY()-A14)) -> 0 | M14: =IF(E14="T",G14,0) -> 0 | N14: =IF(E14="T",K14,0) -> 0 | O14: =IF(E14="B",G14,0) -> 0 | P14: =IF(E14="B",K14,0) -> 0 | Q14: =IF(G14>3500,K14,0) -> 0 | R14: =IF(AND(G14>=3100,G14<=3500),K14,0) -> 0 | S14: =IF(G14<3100,K14,0) -> 0 | U14: =IF(C14=1,1,0) -> 0 | V14: =IF(C14=2,1,0) -> 0 | W14: =IF(C14=3,1,0) -> 0 | X14: =IF(C14=4,1,0) -> 0 | Y14: =IF(C14=5,1,0) -> 0 | Z14: =IF(C14=6,1,0) -> 0 | AA14: =IF(C14=7,1,0) -> 0 | AB14: =IF(C14=8,1,0) -> 0 | AC14: =IF(C14=9,1,0) -> 0 | AD14: =IF(C14=10,1,0) -> 0 | AE14: =IF(C14="SILO",1,0) -> 0 | AF14: =IF(C14="CB",1,0) -> 0
K15: =F15-J15 -> 0 | L15: =IF(F15=0,0,(TODAY()-A15)) -> 0 | M15: =IF(E15="T",G15,0) -> 0 | N15: =IF(E15="T",K15,0) -> 0 | O15: =IF(E15="B",G15,0) -> 0 | P15: =IF(E15="B",K15,0) -> 0 | Q15: =IF(G15>3500,K15,0) -> 0 | R15: =IF(AND(G15>=3100,G15<=3500),K15,0) -> 0 | S15: =IF(G15<3100,K15,0) -> 0 | U15: =IF(C15=1,1,0) -> 0 | V15: =IF(C15=2,1,0) -> 0 | W15: =IF(C15=3,1,0) -> 0 | X15: =IF(C15=4,1,0) -> 0 | Y15: =IF(C15=5,1,0) -> 0 | Z15: =IF(C15=6,1,0) -> 0 | AA15: =IF(C15=7,1,0) -> 0 | AB15: =IF(C15=8,1,0) -> 0 | AC15: =IF(C15=9,1,0) -> 0 | AD15: =IF(C15=10,1,0) -> 0 | AE15: =IF(C15="SILO",1,0) -> 0 | AF15: =IF(C15="CB",1,0) -> 0
K16: =F16-J16 -> 0 | L16: =IF(F16=0,0,(TODAY()-A16)) -> 0 | M16: =IF(E16="T",G16,0) -> 0 | N16: =IF(E16="T",K16,0) -> 0 | O16: =IF(E16="B",G16,0) -> 0 | P16: =IF(E16="B",K16,0) -> 0 | Q16: =IF(G16>3500,K16,0) -> 0 | R16: =IF(AND(G16>=3100,G16<=3500),K16,0) -> 0 | S16: =IF(G16<3100,K16,0) -> 0 | U16: =IF(C16=1,1,0) -> 0 | V16: =IF(C16=2,1,0) -> 0 | W16: =IF(C16=3,1,0) -> 0 | X16: =IF(C16=4,1,0) -> 0 | Y16: =IF(C16=5,1,0) -> 0 | Z16: =IF(C16=6,1,0) -> 0 | AA16: =IF(C16=7,1,0) -> 0 | AB16: =IF(C16=8,1,0) -> 0 | AC16: =IF(C16=9,1,0) -> 0 | AD16: =IF(C16=10,1,0) -> 0 | AE16: =IF(C16="SILO",1,0) -> 0 | AF16: =IF(C16="CB",1,0) -> 0
K17: =F17-J17 -> 0 | L17: =IF(F17=0,0,(TODAY()-A17)) -> 0 | M17: =IF(E17="T",G17,0) -> 0 | N17: =IF(E17="T",K17,0) -> 0 | O17: =IF(E17="B",G17,0) -> 0 | P17: =IF(E17="B",K17,0) -> 0 | Q17: =IF(G17>3500,K17,0) -> 0 | R17: =IF(AND(G17>=3100,G17<=3500),K17,0) -> 0 | S17: =IF(G17<3100,K17,0) -> 0 | U17: =IF(C17=1,1,0) -> 0 | V17: =IF(C17=2,1,0) -> 0 | W17: =IF(C17=3,1,0) -> 0 | X17: =IF(C17=4,1,0) -> 0 | Y17: =IF(C17=5,1,0) -> 0 | Z17: =IF(C17=6,1,0) -> 0 | AA17: =IF(C17=7,1,0) -> 0 | AB17: =IF(C17=8,1,0) -> 0 | AC17: =IF(C17=9,1,0) -> 0 | AD17: =IF(C17=10,1,0) -> 0 | AE17: =IF(C17="SILO",1,0) -> 0 | AF17: =IF(C17="CB",1,0) -> 0
K18: =F18-J18 -> 0 | L18: =IF(F18=0,0,(TODAY()-A18)) -> 0 | M18: =IF(E18="T",G18,0) -> 0 | N18: =IF(E18="T",K18,0) -> 0 | O18: =IF(E18="B",G18,0) -> 0 | P18: =IF(E18="B",K18,0) -> 0 | Q18: =IF(G18>3500,K18,0) -> 0 | R18: =IF(AND(G18>=3100,G18<=3500),K18,0) -> 0 | S18: =IF(G18<3100,K18,0) -> 0 | U18: =IF(C18=1,1,0) -> 0 | V18: =IF(C18=2,1,0) -> 0 | W18: =IF(C18=3,1,0) -> 0 | X18: =IF(C18=4,1,0) -> 0 | Y18: =IF(C18=5,1,0) -> 0 | Z18: =IF(C18=6,1,0) -> 0 | AA18: =IF(C18=7,1,0) -> 0 | AB18: =IF(C18=8,1,0) -> 0 | AC18: =IF(C18=9,1,0) -> 0 | AD18: =IF(C18=10,1,0) -> 0 | AE18: =IF(C18="SILO",1,0) -> 0 | AF18: =IF(C18="CB",1,0) -> 0
K19: =F19-J19 -> 0 | L19: =IF(F19=0,0,(TODAY()-A19)) -> 0 | M19: =IF(E19="T",G19,0) -> 0 | N19: =IF(E19="T",K19,0) -> 0 | O19: =IF(E19="B",G19,0) -> 0 | P19: =IF(E19="B",K19,0) -> 0 | Q19: =IF(G19>3500,K19,0) -> 0 | R19: =IF(AND(G19>=3100,G19<=3500),K19,0) -> 0 | S19: =IF(G19<3100,K19,0) -> 0 | U19: =IF(C19=1,1,0) -> 0 | V19: =IF(C19=2,1,0) -> 0 | W19: =IF(C19=3,1,0) -> 0 | X19: =IF(C19=4,1,0) -> 0 | Y19: =IF(C19=5,1,0) -> 0 | Z19: =IF(C19=6,1,0) -> 0 | AA19: =IF(C19=7,1,0) -> 0 | AB19: =IF(C19=8,1,0) -> 0 | AC19: =IF(C19=9,1,0) -> 0 | AD19: =IF(C19=10,1,0) -> 0 | AE19: =IF(C19="SILO",1,0) -> 0 | AF19: =IF(C19="CB",1,0) -> 0
K20: =F20-J20 -> 0 | L20: =IF(F20=0,0,(TODAY()-A20)) -> 0 | M20: =IF(E20="T",G20,0) -> 0 | N20: =IF(E20="T",K20,0) -> 0 | O20: =IF(E20="B",G20,0) -> 0 | P20: =IF(E20="B",K20,0) -> 0 | Q20: =IF(G20>3500,K20,0) -> 0 | R20: =IF(AND(G20>=3100,G20<=3500),K20,0) -> 0 | S20: =IF(G20<3100,K20,0) -> 0 | U20: =IF(C20=1,1,0) -> 0 | V20: =IF(C20=2,1,0) -> 0 | W20: =IF(C20=3,1,0) -> 0 | X20: =IF(C20=4,1,0) -> 0 | Y20: =IF(C20=5,1,0) -> 0 | Z20: =IF(C20=6,1,0) -> 0 | AA20: =IF(C20=7,1,0) -> 0 | AB20: =IF(C20=8,1,0) -> 0 | AC20: =IF(C20=9,1,0) -> 0 | AD20: =IF(C20=10,1,0) -> 0 | AE20: =IF(C20="SILO",1,0) -> 0 | AF20: =IF(C20="CB",1,0) -> 0
K21: =F21-J21 -> 0 | L21: =IF(F21=0,0,(TODAY()-A21)) -> 0 | M21: =IF(E21="T",G21,0) -> 0 | N21: =IF(E21="T",K21,0) -> 0 | O21: =IF(E21="B",G21,0) -> 0 | P21: =IF(E21="B",K21,0) -> 0 | Q21: =IF(G21>3500,K21,0) -> 0 | R21: =IF(AND(G21>=3100,G21<=3500),K21,0) -> 0 | S21: =IF(G21<3100,K21,0) -> 0 | U21: =IF(C21=1,1,0) -> 0 | V21: =IF(C21=2,1,0) -> 0 | W21: =IF(C21=3,1,0) -> 0 | X21: =IF(C21=4,1,0) -> 0 | Y21: =IF(C21=5,1,0) -> 0 | Z21: =IF(C21=6,1,0) -> 0 | AA21: =IF(C21=7,1,0) -> 0 | AB21: =IF(C21=8,1,0) -> 0 | AC21: =IF(C21=9,1,0) -> 0 | AD21: =IF(C21=10,1,0) -> 0 | AE21: =IF(C21="SILO",1,0) -> 0 | AF21: =IF(C21="CB",1,0) -> 0
K22: =F22-J22 -> 0 | L22: =IF(F22=0,0,(TODAY()-A22)) -> 0 | M22: =IF(E22="T",G22,0) -> 0 | N22: =IF(E22="T",K22,0) -> 0 | O22: =IF(E22="B",G22,0) -> 0 | P22: =IF(E22="B",K22,0) -> 0 | Q22: =IF(G22>3500,K22,0) -> 0 | R22: =IF(AND(G22>=3100,G22<=3500),K22,0) -> 0 | S22: =IF(G22<3100,K22,0) -> 0 | U22: =IF(C22=1,1,0) -> 0 | V22: =IF(C22=2,1,0) -> 0 | W22: =IF(C22=3,1,0) -> 0 | X22: =IF(C22=4,1,0) -> 0 | Y22: =IF(C22=5,1,0) -> 0 | Z22: =IF(C22=6,1,0) -> 0 | AA22: =IF(C22=7,1,0) -> 0 | AB22: =IF(C22=8,1,0) -> 0 | AC22: =IF(C22=9,1,0) -> 0 | AD22: =IF(C22=10,1,0) -> 0 | AE22: =IF(C22="SILO",1,0) -> 0 | AF22: =IF(C22="CB",1,0) -> 0
F23: =SUM(F6:F22) -> 21285 | J23: AVILABLE QUANITY | K23: =SUM(K6:K22) -> 21285 | L23: =IF(U$23>=1,1,0) -> 0 | N23: =SUM(N6:N22) -> 10140 | U23: =SUM(U6:U22) -> 0 | V23: =SUM(V6:V22) -> 3 | W23: =SUM(W6:W22) -> 0 | X23: =SUM(X6:X22) -> 0 | Y23: =SUM(Y6:Y22) -> 0 | Z23: =SUM(Z6:Z22) -> 0 | AA23: =SUM(AA6:AA22) -> 0 | AB23: =SUM(AB6:AB22) -> 0 | ... AF23: =SUM(AF6:AF22) -> 0
J24: PILE WTD GCV | K24: =SUMPRODUCT(K6:K22,G6:G22)/SUM(K6:K22) -> 3272.715 | L24: =IF(V$23>=1,1,0) -> 1
J25: TOP GCV | K25: =SUMPRODUCT(M6:M22,N6:N22)/SUM(N6:N22) -> 3409.9234 | L25: =IF(W$23>=1,1,0) -> 0
J26: TOP QNTY | K26: =SUM(N6:N22) -> 10140 | L26: =IF(X$23>=1,1,0) -> 0
J27: BOTTOM GCV | K27: =SUMPRODUCT(O6:O22,P6:P22)/SUM(P6:P22) -> 3147.8794 | L27: =IF(Y$23>=1,1,0) -> 0
J28: BOTTOM QNTY | K28: =SUM(P6:P22) -> 11145 | L28: =IF(Z$23>=1,1,0) -> 0
J29: MAX AGING | K29: =MAX(L6:L22) -> 109 | L29: =IF(AA$23>=1,1,0) -> 0
J30: AVERAGE AGING | K30: =AVERAGEIF((L6:L22),">0") -> 98.166667 | L30: =IF(AB$23>=1,1,0) -> 0
J31: >3500 | K31: =SUM(Q6:Q22) -> 6801 | L31: =IF(AC$23>=1,1,0) -> 0
J32: 3100-3500 | K32: =SUM(R6:R22) -> 6477 | L32: =IF(AD$23>=1,1,0) -> 0
J33: <3100 | K33: =SUM(S6:S22) -> 8007 | L33: =IF(AE$23>=1,1,0) -> 1
L34: =IF(AF$23>=1,1,0) -> 0

Sheet PILE-1B
A3: summery
A5: STACKING DATE | B5: RAKE NO | C5: SPUR | D5: SUB PILE | E5: TOP/BOTTOM | F5: ST QNTY | G5: GCV | I5: RECLIAM DATE | J5: RC-QNTY | K5: AVAILABLE QUANTITY | L5: AGING | M5: TOP GCV | N5: TOP QNTY | O5: BTM GCV | P5: BTM QNTY | Q5: coal above 3500 | R5: 3100-3500 | S5: <3100
A6: 45547 | B6: 29 | C6: 10 | D6: 1 | E6: B | F6: 3910 | G6: 2357 | H6: As per result | K6: =F6-J6 -> 3910 | L6: =IF(F6=0,0,(TODAY()-A6)) -> 141 | M6: =IF(E6="T",G6,0) -> 0 | N6: =IF(E6="T",K6,0) -> 0 | O6: =IF(E6="B",G6,0) -> 2357 | P6: =IF(E6="B",K6,0) -> 3910 | Q6: =IF(G6>3500,K6,0) -> 0 | R6: =IF(AND(G6>=3100,G6<=3500),K6,0) -> 0 | S6: =IF(G6<3100,K6,0) -> 3910 | U6: =IF(C6=1,1,0) -> 0 | V6: =IF(C6=2,1,0) -> 0 | W6: =IF(C6=3,1,0) -> 0 | X6: =IF(C6=4,1,0) -> 0 | Y6: =IF(C6=5,1,0) -> 0 | Z6: =IF(C6=6,1,0) -> 0 | AA6: =IF(C6=7,1,0) -> 0 | AB6: =IF(C6=8,1,0) -> 0 | AC6: =IF(C6=9,1,0) -> 0 | AD6: =IF(C6=10,1,0) -> 1 | AE6: =IF(C6="SILO",1,0) -> 0 | AF6: =IF(C6="CB",1,0) -> 0
A7: 45567 | B7: 2 | C7: 1 | D7: 2 | E7: B | F7: 3750 | G7: 3206 | H7: As per result | K7: =F7-J7 -> 3750 | L7: =IF(F7=0,0,(TODAY()-A7)) -> 121 | M7: =IF(E7="T",G7,0) -> 0 | N7: =IF(E7="T",K7,0) -> 0 | O7: =IF(E7="B",G7,0) -> 3206 | P7: =IF(E7="B",K7,0) -> 3750 | Q7: =IF(G7>3500,K7,0) -> 0 | R7: =IF(AND(G7>=3100,G7<=3500),K7,0) -> 3750 | S7: =IF(G7<3100,K7,0) -> 0 | U7: =IF(C7=1,1,0) -> 1 | V7: =IF(C7=2,1,0) -> 0 | W7: =IF(C7=3,1,0) -> 0 | X7: =IF(C7=4,1,0) -> 0 | Y7: =IF(C7=5,1,0) -> 0 | Z7: =IF(C7=6,1,0) -> 0 | AA7: =IF(C7=7,1,0) -> 0 | AB7: =IF(C7=8,1,0) -> 0 | AC7: =IF(C7=9,1,0) -> 0 | AD7: =IF(C7=10,1,0) -> 0 | AE7: =IF(C7="SILO",1,0) -> 0 | AF7: =IF(C7="CB",1,0) -> 0
A8: 45575 | B8: 21 | C8: 1 | D8: 2 | E8: T | F8: 3264 | G8: 3034 | H8: As per result | K8: =F8-J8 -> 3264 | L8: =IF(F8=0,0,(TODAY()-A8)) -> 113 | M8: =IF(E8="T",G8,0) -> 3034 | N8: =IF(E8="T",K8,0) -> 3264 | O8: =IF(E8="B",G8,0) -> 0 | P8: =IF(E8="B",K8,0) -> 0 | Q8: =IF(G8>3500,K8,0) -> 0 | R8: =IF(AND(G8>=3100,G8<=3500),K8,0) -> 0 | S8: =IF(G8<3100,K8,0) -> 3264 | U8: =IF(C8=1,1,0) -> 1 | V8: =IF(C8=2,1,0) -> 0 | W8: =IF(C8=3,1,0) -> 0 | X8: =IF(C8=4,1,0) -> 0 | Y8: =IF(C8=5,1,0) -> 0 | Z8: =IF(C8=6,1,0) -> 0 | AA8: =IF(C8=7,1,0) -> 0 | AB8: =IF(C8=8,1,0) -> 0 | AC8: =IF(C8=9,1,0) -> 0 | AD8: =IF(C8=10,1,0) -> 0 | AE8: =IF(C8="SILO",1,0) -> 0 | AF8: =IF(C8="CB",1,0) -> 0
A9: 45580 | B9: 31 | C9: 1 | D9: 2 | E9: T | F9: 3568 | G9: 3034 | H9: As per result | K9: =F9-J9 -> 3568 | L9: =IF(F9=0,0,(TODAY()-A9)) -> 108 | M9: =IF(E9="T",G9,0) -> 3034 | N9: =IF(E9="T",K9,0) -> 3568 | O9: =IF(E9="B",G9,0) -> 0 | P9: =IF(E9="B",K9,0) -> 0 | Q9: =IF(G9>3500,K9,0) -> 0 | R9: =IF(AND(G9>=3100,G9<=3500),K9,0) -> 0 | S9: =IF(G9<3100,K9,0) -> 3568 | U9: =IF(C9=1,1,0) -> 1 | V9: =IF(C9=2,1,0) -> 0 | W9: =IF(C9=3,1,0) -> 0 | X9: =IF(C9=4,1,0) -> 0 | Y9: =IF(C9=5,1,0) -> 0 | Z9: =IF(C9=6,1,0) -> 0 | AA9: =IF(C9=7,1,0) -> 0 | AB9: =IF(C9=8,1,0) -> 0 | AC9: =IF(C9=9,1,0) -> 0 | AD9: =IF(C9=10,1,0) -> 0 | AE9: =IF(C9="SILO",1,0) -> 0 | AF9: =IF(C9="CB",1,0) -> 0
A10: 45598 | B10: 85 | C10: 5 | D10: 2 | E10: T | F10: 2595 | G10: 2960 | H10: As per result | K10: =F10-J10 -> 2595 | L10: =IF(F10=0,0,(TODAY()-A10)) -> 90 | M10: =IF(E10="T",G10,0) -> 2960 | N10: =IF(E10="T",K10,0) -> 2595 | O10: =IF(E10="B",G10,0) -> 0 | P10: =IF(E10="B",K10,0) -> 0 | Q10: =IF(G10>3500,K10,0) -> 0 | R10: =IF(AND(G10>=3100,G10<=3500),K10,0) -> 0 | S10: =IF(G10<3100,K10,0) -> 2595 | U10: =IF(C10=1,1,0) -> 0 | V10: =IF(C10=2,1,0) -> 0 | W10: =IF(C10=3,1,0) -> 0 | X10: =IF(C10=4,1,0) -> 0 | Y10: =IF(C10=5,1,0) -> 1 | Z10: =IF(C10=6,1,0) -> 0 | AA10: =IF(C10=7,1,0) -> 0 | AB10: =IF(C10=8,1,0) -> 0 | AC10: =IF(C10=9,1,0) -> 0 | AD10: =IF(C10=10,1,0) -> 0 | AE10: =IF(C10="SILO",1,0) -> 0 | AF10: =IF(C10="CB",1,0) -> 0
A11: 45599 | B11: 88 | C11: 5 | D11: 2 | E11: T | F11: 3143 | G11: 3396 | H11: As per result | K11: =F11-J11 -> 3143 | L11: =IF(F11=0,0,(TODAY()-A11)) -> 89 | M11: =IF(E11="T",G11,0) -> 3396 | N11: =IF(E11="T",K11,0) -> 3143 | O11: =IF(E11="B",G11,0) -> 0 | P11: =IF(E11="B",K11,0) -> 0 | Q11: =IF(G11>3500,K11,0) -> 0 | R11: =IF(AND(G11>=3100,G11<=3500),K11,0) -> 3143 | S11: =IF(G11<3100,K11,0) -> 0 | U11: =IF(C11=1,1,0) -> 0 | V11: =IF(C11=2,1,0) -> 0 | W11: =IF(C11=3,1,0) -> 0 | X11: =IF(C11=4,1,0) -> 0 | Y11: =IF(C11=5,1,0) -> 1 | Z11: =IF(C11=6,1,0) -> 0 | AA11: =IF(C11=7,1,0) -> 0 | AB11: =IF(C11=8,1,0) -> 0 | AC11: =IF(C11=9,1,0) -> 0 | AD11: =IF(C11=10,1,0) -> 0 | AE11: =IF(C11="SILO",1,0) -> 0 | AF11: =IF(C11="CB",1,0) -> 0
A12: 45601 | B12: 4 | C12: 5 | D12: 2 | E12: T | F12: 1270 | G12: 3155.4854 | H12: As per result | K12: =F12-J12 -> 1270 | L12: =IF(F12=0,0,(TODAY()-A12)) -> 87 | M12: =IF(E12="T",G12,0) -> 3155.4854 | N12: =IF(E12="T",K12,0) -> 1270 | O12: =IF(E12="B",G12,0) -> 0 | P12: =IF(E12="B",K12,0) -> 0 | Q12: =IF(G12>3500,K12,0) -> 0 | R12: =IF(AND(G12>=3100,G12<=3500),K12,0) -> 1270 | S12: =IF(G12<3100,K12,0) -> 0 | U12: =IF(C12=1,1,0) -> 0 | V12: =IF(C12=2,1,0) -> 0 | W12: =IF(C12=3,1,0) -> 0 | X12: =IF(C12=4,1,0) -> 0 | Y12: =IF(C12=5,1,0) -> 1 | Z12: =IF(C12=6,1,0) -> 0 | AA12: =IF(C12=7,1,0) -> 0 | AB12: =IF(C12=8,1,0) -> 0 | AC12: =IF(C12=9,1,0) -> 0 | AD12: =IF(C12=10,1,0) -> 0 | AE12: =IF(C12="SILO",1,0) -> 0 | AF12: =IF(C12="CB",1,0) -> 0
A13: 45601 | B13: 3 | C13: 10 | D13: 1 | E13: T | F13: 3850 | G13: 2780.8307 | H13: As per result | K13: =F13-J13 -> 3850 | L13: =IF(F13=0,0,(TODAY()-A13)) -> 87 | M13: =IF(E13="T",G13,0) -> 2780.8307 | N13: =IF(E13="T",K13,0) -> 3850 | O13: =IF(E13="B",G13,0) -> 0 | P13: =IF(E13="B",K13,0) -> 0 | Q13: =IF(G13>3500,K13,0) -> 0 | R13: =IF(AND(G13>=3100,G13<=3500),K13,0) -> 0 | S13: =IF(G13<3100,K13,0) -> 3850 | U13: =IF(C13=1,1,0) -> 0 | V13: =IF(C13=2,1,0) -> 0 | W13: =IF(C13=3,1,0) -> 0 | X13: =IF(C13=4,1,0) -> 0 | Y13: =IF(C13=5,1,0) -> 0 | Z13: =IF(C13=6,1,0) -> 0 | AA13: =IF(C13=7,1,0) -> 0 | AB13: =IF(C13=8,1,0) -> 0 | AC13: =IF(C13=9,1,0) -> 0 | AD13: =IF(C13=10,1,0) -> 1 | AE13: =IF(C13="SILO",1,0) -> 0 | AF13: =IF(C13="CB",1,0) -> 0
A14: 45610 | B14: 29 | C14: 9 | D14: 1 | E14: T | F14: 1500 | G14: 3008.4189 | H14: As per result | K14: =F14-J14 -> 1500 | L14: =IF(F14=0,0,(TODAY()-A14)) -> 78 | M14: =IF(E14="T",G14,0) -> 3008.4189 | N14: =IF(E14="T",K14,0) -> 1500 | O14: =IF(E14="B",G14,0) -> 0 | P14: =IF(E14="B",K14,0) -> 0 | Q14: =IF(G14>3500,K14,0) -> 0 | R14: =IF(AND(G14>=3100,G14<=3500),K14,0) -> 0 | S14: =IF(G14<3100,K14,0) -> 1500 | U14: =IF(C14=1,1,0) -> 0 | V14: =IF(C14=2,1,0) -> 0 | W14: =IF(C14=3,1,0) -> 0 | X14: =IF(C14=4,1,0) -> 0 | Y14: =IF(C14=5,1,0) -> 0 | Z14: =IF(C14=6,1,0) -> 0 | AA14: =IF(C14=7,1,0) -> 0 | AB14: =IF(C14=8,1,0) -> 0 | AC14: =IF(C14=9,1,0) -> 1 | AD14: =IF(C14=10,1,0) -> 0 | AE14: =IF(C14="SILO",1,0) -> 0 | AF14: =IF(C14="CB",1,0) -> 0
A15: 45611 | B15: 31 | C15: 9 | D15: 1 | E15: T | F15: 2533 | G15: 3073.3119 | H15: As per result | K15: =F15-J15 -> 2533 | L15: =IF(F15=0,0,(TODAY()-A15)) -> 77 | M15: =IF(E15="T",G15,0) -> 3073.3119 | N15: =IF(E15="T",K15,0) -> 2533 | O15: =IF(E15="B",G15,0) -> 0 | P15: =IF(E15="B",K15,0) -> 0 | Q15: =IF(G15>3500,K15,0) -> 0 | R15: =IF(AND(G15>=3100,G15<=3500),K15,0) -> 0 | S15: =IF(G15<3100,K15,0) -> 2533 | U15: =IF(C15=1,1,0) -> 0 | V15: =IF(C15=2,1,0) -> 0 | W15: =IF(C15=3,1,0) -> 0 | X15: =IF(C15=4,1,0) -> 0 | Y15: =IF(C15=5,1,0) -> 0 | Z15: =IF(C15=6,1,0) -> 0 | AA15: =IF(C15=7,1,0) -> 0 | AB15: =IF(C15=8,1,0) -> 0 | AC15: =IF(C15=9,1,0) -> 1 | AD15: =IF(C15=10,1,0) -> 0 | AE15: =IF(C15="SILO",1,0) -> 0 | AF15: =IF(C15="CB",1,0) -> 0
K16: =F16-J16 -> 0 | L16: =IF(F16=0,0,(TODAY()-A16)) -> 0 | M16: =IF(E16="T",G16,0) -> 0 | N16: =IF(E16="T",K16,0) -> 0 | O16: =IF(E16="B",G16,0) -> 0 | P16: =IF(E16="B",K16,0) -> 0 | Q16: =IF(G16>3500,K16,0) -> 0 | R16: =IF(AND(G16>=3100,G16<=3500),K16,0) -> 0 | S16: =IF(G16<3100,K16,0) -> 0 | U16: =IF(C16=1,1,0) -> 0 | V16: =IF(C16=2,1,0) -> 0 | W16: =IF(C16=3,1,0) -> 0 | X16: =IF(C16=4,1,0) -> 0 | Y16: =IF(C16=5,1,0) -> 0 | Z16: =IF(C16=6,1,0) -> 0 | AA16: =IF(C16=7,1,0) -> 0 | AB16: =IF(C16=8,1,0) -> 0 | AC16: =IF(C16=9,1,0) -> 0 | AD16: =IF(C16=10,1,0) -> 0 | AE16: =IF(C16="SILO",1,0) -> 0 | AF16: =IF(C16="CB",1,0) -> 0
K17: =F17-J17 -> 0 | L17: =IF(F17=0,0,(TODAY()-A17)) -> 0 | M17: =IF(E17="T",G17,0) -> 0 | N17: =IF(E17="T",K17,0) -> 0 | O17: =IF(E17="B",G17,0) -> 0 | P17: =IF(E17="B",K17,0) -> 0 | Q17: =IF(G17>3500,K17,0) -> 0 | R17: =IF(AND(G17>=3100,G17<=3500),K17,0) -> 0 | S17: =IF(G17<3100,K17,0) -> 0 | U17: =IF(C17=1,1,0) -> 0 | V17: =IF(C17=2,1,0) -> 0 | W17: =IF(C17=3,1,0) -> 0 | X17: =IF(C17=4,1,0) -> 0 | Y17: =IF(C17=5,1,0) -> 0 | Z17: =IF(C17=6,1,0) -> 0 | AA17: =IF(C17=7,1,0) -> 0 | AB17: =IF(C17=8,1,0) -> 0 | AC17: =IF(C17=9,1,0) -> 0 | AD17: =IF(C17=10,1,0) -> 0 | AE17: =IF(C17="SILO",1,0) -> 0 | AF17: =IF(C17="CB",1,0) -> 0
K18: =F18-J18 -> 0 | L18: =IF(F18=0,0,(TODAY()-A18)) -> 0 | M18: =IF(E18="T",G18,0) -> 0 | N18: =IF(E18="T",K18,0) -> 0 | O18: =IF(E18="B",G18,0) -> 0 | P18: =IF(E18="B",K18,0) -> 0 | Q18: =IF(G18>3500,K18,0) -> 0 | R18: =IF(AND(G18>=3100,G18<=3500),K18,0) -> 0 | S18: =IF(G18<3100,K18,0) -> 0 | U18: =IF(C18=1,1,0) -> 0 | V18: =IF(C18=2,1,0) -> 0 | W18: =IF(C18=3,1,0) -> 0 | X18: =IF(C18=4,1,0) -> 0 | Y18: =IF(C18=5,1,0) -> 0 | Z18: =IF(C18=6,1,0) -> 0 | AA18: =IF(C18=7,1,0) -> 0 | AB18: =IF(C18=8,1,0) -> 0 | AC18: =IF(C18=9,1,0) -> 0 | AD18: =IF(C18=10,1,0) -> 0 | AE18: =IF(C18="SILO",1,0) -> 0 | AF18: =IF(C18="CB",1,0) -> 0
K19: =F19-J19 -> 0 | L19: =IF(F19=0,0,(TODAY()-A19)) -> 0 | M19: =IF(E19="T",G19,0) -> 0 | N19: =IF(E19="T",K19,0) -> 0 | O19: =IF(E19="B",G19,0) -> 0 | P19: =IF(E19="B",K19,0) -> 0 | Q19: =IF(G19>3500,K19,0) -> 0 | R19: =IF(AND(G19>=3100,G19<=3500),K19,0) -> 0 | S19: =IF(G19<3100,K19,0) -> 0 | U19: =IF(C19=1,1,0) -> 0 | V19: =IF(C19=2,1,0) -> 0 | W19: =IF(C19=3,1,0) -> 0 | X19: =IF(C19=4,1,0) -> 0 | Y19: =IF(C19=5,1,0) -> 0 | Z19: =IF(C19=6,1,0) -> 0 | AA19: =IF(C19=7,1,0) -> 0 | AB19: =IF(C19=8,1,0) -> 0 | AC19: =IF(C19=9,1,0) -> 0 | AD19: =IF(C19=10,1,0) -> 0 | AE19: =IF(C19="SILO",1,0) -> 0 | AF19: =IF(C19="CB",1,0) -> 0
K20: =F20-J20 -> 0 | L20: =IF(F20=0,0,(TODAY()-A20)) -> 0 | M20: =IF(E20="T",G20,0) -> 0 | N20: =IF(E20="T",K20,0) -> 0 | O20: =IF(E20="B",G20,0) -> 0 | P20: =IF(E20="B",K20,0) -> 0 | Q20: =IF(G20>3500,K20,0) -> 0 | R20: =IF(AND(G20>=3100,G20<=3500),K20,0) -> 0 | S20: =IF(G20<3100,K20,0) -> 0 | U20: =IF(C20=1,1,0) -> 0 | V20: =IF(C20=2,1,0) -> 0 | W20: =IF(C20=3,1,0) -> 0 | X20: =IF(C20=4,1,0) -> 0 | Y20: =IF(C20=5,1,0) -> 0 | Z20: =IF(C20=6,1,0) -> 0 | AA20: =IF(C20=7,1,0) -> 0 | AB20: =IF(C20=8,1,0) -> 0 | AC20: =IF(C20=9,1,0) -> 0 | AD20: =IF(C20=10,1,0) -> 0 | AE20: =IF(C20="SILO",1,0) -> 0 | AF20: =IF(C20="CB",1,0) -> 0
K21: =F21-J21 -> 0 | L21: =IF(F21=0,0,(TODAY()-A21)) -> 0 | M21: =IF(E21="T",G21,0) -> 0 | N21: =IF(E21="T",K21,0) -> 0 | O21: =IF(E21="B",G21,0) -> 0 | P21: =IF(E21="B",K21,0) -> 0 | Q21: =IF(G21>3500,K21,0) -> 0 | R21: =IF(AND(G21>=3100,G21<=3500),K21,0) -> 0 | S21: =IF(G21<3100,K21,0) -> 0 | U21: =IF(C21=1,1,0) -> 0 | V21: =IF(C21=2,1,0) -> 0 | W21: =IF(C21=3,1,0) -> 0 | X21: =IF(C21=4,1,0) -> 0 | Y21: =IF(C21=5,1,0) -> 0 | Z21: =IF(C21=6,1,0) -> 0 | AA21: =IF(C21=7,1,0) -> 0 | AB21: =IF(C21=8,1,0) -> 0 | AC21: =IF(C21=9,1,0) -> 0 | AD21: =IF(C21=10,1,0) -> 0 | AE21: =IF(C21="SILO",1,0) -> 0 | AF21: =IF(C21="CB",1,0) -> 0
K22: =F22-J22 -> 0 | L22: =IF(F22=0,0,(TODAY()-A22)) -> 0 | M22: =IF(E22="T",G22,0) -> 0 | N22: =IF(E22="T",K22,0) -> 0 | O22: =IF(E22="B",G22,0) -> 0 | P22: =IF(E22="B",K22,0) -> 0 | Q22: =IF(G22>3500,K22,0) -> 0 | R22: =IF(AND(G22>=3100,G22<=3500),K22,0) -> 0 | S22: =IF(G22<3100,K22,0) -> 0 | U22: =IF(C22=1,1,0) -> 0 | V22: =IF(C22=2,1,0) -> 0 | W22: =IF(C22=3,1,0) -> 0 | X22: =IF(C22=4,1,0) -> 0 | Y22: =IF(C22=5,1,0) -> 0 | Z22: =IF(C22=6,1,0) -> 0 | AA22: =IF(C22=7,1,0) -> 0 | AB22: =IF(C22=8,1,0) -> 0 | AC22: =IF(C22=9,1,0) -> 0 | AD22: =IF(C22=10,1,0) -> 0 | AE22: =IF(C22="SILO",1,0) -> 0 | AF22: =IF(C22="CB",1,0) -> 0
F23: =SUM(F6:F22) -> 29383 | J23: AVILABLE QUANITY | K23: =SUM(K6:K22) -> 29383 | L23: =IF(U$23>=1,1,0) -> 1 | N23: =IF(E23="T",K23,0) -> 0 | P23: =IF(E23="B",K23,0) -> 0 | U23: =SUM(U6:U22) -> 3 | V23: =SUM(V6:V22) -> 0 | W23: =SUM(W6:W22) -> 0 | X23: =SUM(X6:X22) -> 0 | Y23: =SUM(Y6:Y22) -> 3 | Z23: =SUM(Z6:Z22) -> 0 | AA23: =SUM(AA6:AA22) -> 0 | AB23: =SUM(AB6:AB22) -> 0 | ... AF23: =SUM(AF6:AF22) -> 0
J24: PILE WTD GCV | K24: =SUMPRODUCT(K6:K22,G6:G22)/SUM(K6:K22) -> 2972.2111 | L24: =IF(V$23>=1,1,0) -> 0
J25: TOP GCV | K25: =SUMPRODUCT(M6:M22,N6:N22)/SUM(N6:N22) -> 3042.5866 | L25: =IF(W$23>=1,1,0) -> 0
J26: TOP QNTY | K26: =SUM(N6:N22) -> 21723 | L26: =IF(X$23>=1,1,0) -> 0
J27: BOTTOM GCV | K27: =SUMPRODUCT(O6:O22,P6:P22)/SUM(P6:P22) -> 2772.6332 | L27: =IF(Y$23>=1,1,0) -> 1
J28: BOTTOM QNTY | K28: =SUM(P6:P22) -> 7660 | L28: =IF(Z$23>=1,1,0) -> 0
J29: MAX AGING | K29: =MAX(L6:L22) -> 141 | L29: =IF(AA$23>=1,1,0) -> 0
J30: AVERAGE AGING | K30: =AVERAGEIF((L6:L22),">0") -> 99.1 | L30: =IF(AB$23>=1,1,0) -> 0
J31: >3500 | K31: =SUM(Q6:Q22) -> 0 | L31: =IF(AC$23>=1,1,0) -> 1
J32: 3100-3500 | K32: =SUM(R6:R22) -> 8163 | L32: =IF(AD$23>=1,1,0) -> 1
J33: <3100 | K33: =SUM(S6:S22) -> 21220 | L33: =IF(AE$23>=1,1,0) -> 0
L34: =IF(AF$23>=1,1,0) -> 0

Sheet PILE-1C
A3: summery
A5: STACKING DATE | B5: RAKE NO | C5: SPUR | D5: SUB PILE | E5: TOP/BOTTOM | F5: ST QNTY | G5: GCV | I5: RECLIAM DATE | J5: RC-QNTY | K5: AVAILABLE QUANTITY | L5: AGING | M5: TOP GCV | N5: TOP QNTY | O5: BTM GCV | P5: BTM QNTY | Q5: coal above 3500 | R5: 3100-3500 | S5: <3100
A6: 45583 | B6: 35 | C6: SILO | D6: 1 | E6: B | F6: 2800 | G6: 3523 | H6: As per result | K6: =F6-J6 -> 2800 | L6: =IF(F6=0,0,(TODAY()-A6)) -> 105 | M6: =IF(E6="T",G6,0) -> 0 | N6: =IF(E6="T",K6,0) -> 0 | O6: =IF(E6="B",G6,0) -> 3523 | P6: =IF(E6="B",K6,0) -> 2800 | Q6: =IF(G6>3500,K6,0) -> 2800 | R6: =IF(AND(G6>=3100,G6<=3500),K6,0) -> 0 | S6: =IF(G6<3100,K6,0) -> 0 | U6: =IF(C6=1,1,0) -> 0 | V6: =IF(C6=2,1,0) -> 0 | W6: =IF(C6=3,1,0) -> 0 | X6: =IF(C6=4,1,0) -> 0 | Y6: =IF(C6=5,1,0) -> 0 | Z6: =IF(C6=6,1,0) -> 0 | AA6: =IF(C6=7,1,0) -> 0 | AB6: =IF(C6=8,1,0) -> 0 | AC6: =IF(C6=9,1,0) -> 0 | AD6: =IF(C6=10,1,0) -> 0 | AE6: =IF(C6="SILO",1,0) -> 1 | AF6: =IF(C6="CB",1,0) -> 0
A7: 45588 | B7: 52 | C7: SILO | D7: 1 | E7: B | F7: 3716 | G7: 3574.0336 | H7: As per result | K7: =F7-J7 -> 3716 | L7: =IF(F7=0,0,(TODAY()-A7)) -> 100 | M7: =IF(E7="T",G7,0) -> 0 | N7: =IF(E7="T",K7,0) -> 0 | O7: =IF(E7="B",G7,0) -> 3574.0336 | P7: =IF(E7="B",K7,0) -> 3716 | Q7: =IF(G7>3500,K7,0) -> 3716 | R7: =IF(AND(G7>=3100,G7<=3500),K7,0) -> 0 | S7: =IF(G7<3100,K7,0) -> 0 | U7: =IF(C7=1,1,0) -> 0 | V7: =IF(C7=2,1,0) -> 0 | W7: =IF(C7=3,1,0) -> 0 | X7: =IF(C7=4,1,0) -> 0 | Y7: =IF(C7=5,1,0) -> 0 | Z7: =IF(C7=6,1,0) -> 0 | AA7: =IF(C7=7,1,0) -> 0 | AB7: =IF(C7=8,1,0) -> 0 | AC7: =IF(C7=9,1,0) -> 0 | AD7: =IF(C7=10,1,0) -> 0 | AE7: =IF(C7="SILO",1,0) -> 1 | AF7: =IF(C7="CB",1,0) -> 0
A8: 45589 | B8: 57 | C8: SILO | D8: 1 | E8: T | F8: 4308 | G8: 3653 | H8: As per result | K8: =F8-J8 -> 4308 | L8: =IF(F8=0,0,(TODAY()-A8)) -> 99 | M8: =IF(E8="T",G8,0) -> 3653 | N8: =IF(E8="T",K8,0) -> 4308 | O8: =IF(E8="B",G8,0) -> 0 | P8: =IF(E8="B",K8,0) -> 0 | Q8: =IF(G8>3500,K8,0) -> 4308 | R8: =IF(AND(G8>=3100,G8<=3500),K8,0) -> 0 | S8: =IF(G8<3100,K8,0) -> 0 | U8: =IF(C8=1,1,0) -> 0 | V8: =IF(C8=2,1,0) -> 0 | W8: =IF(C8=3,1,0) -> 0 | X8: =IF(C8=4,1,0) -> 0 | Y8: =IF(C8=5,1,0) -> 0 | Z8: =IF(C8=6,1,0) -> 0 | AA8: =IF(C8=7,1,0) -> 0 | AB8: =IF(C8=8,1,0) -> 0 | AC8: =IF(C8=9,1,0) -> 0 | AD8: =IF(C8=10,1,0) -> 0 | AE8: =IF(C8="SILO",1,0) -> 1 | AF8: =IF(C8="CB",1,0) -> 0
A9: 45590 | B9: 62 | C9: SILO | D9: 1 | E9: T | F9: 2500 | G9: 3274.9979 | H9: As per result | K9: =F9-J9 -> 2500 | L9: =IF(F9=0,0,(TODAY()-A9)) -> 98 | M9: =IF(E9="T",G9,0) -> 3274.9979 | N9: =IF(E9="T",K9,0) -> 2500 | O9: =IF(E9="B",G9,0) -> 0 | P9: =IF(E9="B",K9,0) -> 0 | Q9: =IF(G9>3500,K9,0) -> 0 | R9: =IF(AND(G9>=3100,G9<=3500),K9,0) -> 2500 | S9: =IF(G9<3100,K9,0) -> 0 | U9: =IF(C9=1,1,0) -> 0 | V9: =IF(C9=2,1,0) -> 0 | W9: =IF(C9=3,1,0) -> 0 | X9: =IF(C9=4,1,0) -> 0 | Y9: =IF(C9=5,1,0) -> 0 | Z9: =IF(C9=6,1,0) -> 0 | AA9: =IF(C9=7,1,0) -> 0 | AB9: =IF(C9=8,1,0) -> 0 | AC9: =IF(C9=9,1,0) -> 0 | AD9: =IF(C9=10,1,0) -> 0 | AE9: =IF(C9="SILO",1,0) -> 1 | AF9: =IF(C9="CB",1,0) -> 0
A10: 45590 | B10: 63 | C10: SILO | D10: 1 | E10: T | F10: 2700 | G10: 3585.3348 | H10: As per result | K10: =F10-J10 -> 2700 | L10: =IF(F10=0,0,(TODAY()-A10)) -> 98 | M10: =IF(E10="T",G10,0) -> 3585.3348 | N10: =IF(E10="T",K10,0) -> 2700 | O10: =IF(E10="B",G10,0) -> 0 | P10: =IF(E10="B",K10,0) -> 0 | Q10: =IF(G10>3500,K10,0) -> 2700 | R10: =IF(AND(G10>=3100,G10<=3500),K10,0) -> 0 | S10: =IF(G10<3100,K10,0) -> 0 | U10: =IF(C10=1,1,0) -> 0 | V10: =IF(C10=2,1,0) -> 0 | W10: =IF(C10=3,1,0) -> 0 | X10: =IF(C10=4,1,0) -> 0 | Y10: =IF(C10=5,1,0) -> 0 | Z10: =IF(C10=6,1,0) -> 0 | AA10: =IF(C10=7,1,0) -> 0 | AB10: =IF(C10=8,1,0) -> 0 | AC10: =IF(C10=9,1,0) -> 0 | AD10: =IF(C10=10,1,0) -> 0 | AE10: =IF(C10="SILO",1,0) -> 1 | AF10: =IF(C10="CB",1,0) -> 0
A11: 45598 | B11: 86 | C11: SILO | D11: 1 | E11: T | F11: 1172 | G11: 3237 | H11: As per result | K11: =F11-J11 -> 1172 | L11: =IF(F11=0,0,(TODAY()-A11)) -> 90 | M11: =IF(E11="T",G11,0) -> 3237 | N11: =IF(E11="T",K11,0) -> 1172 | O11: =IF(E11="B",G11,0) -> 0 | P11: =IF(E11="B",K11,0) -> 0 | Q11: =IF(G11>3500,K11,0) -> 0 | R11: =IF(AND(G11>=3100,G11<=3500),K11,0) -> 1172 | S11: =IF(G11<3100,K11,0) -> 0 | U11: =IF(C11=1,1,0) -> 0 | V11: =IF(C11=2,1,0) -> 0 | W11: =IF(C11=3,1,0) -> 0 | X11: =IF(C11=4,1,0) -> 0 | Y11: =IF(C11=5,1,0) -> 0 | Z11: =IF(C11=6,1,0) -> 0 | AA11: =IF(C11=7,1,0) -> 0 | AB11: =IF(C11=8,1,0) -> 0 | AC11: =IF(C11=9,1,0) -> 0 | AD11: =IF(C11=10,1,0) -> 0 | AE11: =IF(C11="SILO",1,0) -> 1 | AF11: =IF(C11="CB",1,0) -> 0
K12: =F12-J12 -> 0 | L12: =IF(F12=0,0,(TODAY()-A12)) -> 0 | M12: =IF(E12="T",G12,0) -> 0 | N12: =IF(E12="T",K12,0) -> 0 | O12: =IF(E12="B",G12,0) -> 0 | P12: =IF(E12="B",K12,0) -> 0 | Q12: =IF(G12>3500,K12,0) -> 0 | R12: =IF(AND(G12>=3100,G12<=3500),K12,0) -> 0 | S12: =IF(G12<3100,K12,0) -> 0 | U12: =IF(C12=1,1,0) -> 0 | V12: =IF(C12=2,1,0) -> 0 | W12: =IF(C12=3,1,0) -> 0 | X12: =IF(C12=4,1,0) -> 0 | Y12: =IF(C12=5,1,0) -> 0 | Z12: =IF(C12=6,1,0) -> 0 | AA12: =IF(C12=7,1,0) -> 0 | AB12: =IF(C12=8,1,0) -> 0 | AC12: =IF(C12=9,1,0) -> 0 | AD12: =IF(C12=10,1,0) -> 0 | AE12: =IF(C12="SILO",1,0) -> 0 | AF12: =IF(C12="CB",1,0) -> 0
K13: =F13-J13 -> 0 | L13: =IF(F13=0,0,(TODAY()-A13)) -> 0 | M13: =IF(E13="T",G13,0) -> 0 | N13: =IF(E13="T",K13,0) -> 0 | O13: =IF(E13="B",G13,0) -> 0 | P13: =IF(E13="B",K13,0) -> 0 | Q13: =IF(G13>3500,K13,0) -> 0 | R13: =IF(AND(G13>=3100,G13<=3500),K13,0) -> 0 | S13: =IF(G13<3100,K13,0) -> 0 | U13: =IF(C13=1,1,0) -> 0 | V13: =IF(C13=2,1,0) -> 0 | W13: =IF(C13=3,1,0) -> 0 | X13: =IF(C13=4,1,0) -> 0 | Y13: =IF(C13=5,1,0) -> 0 | Z13: =IF(C13=6,1,0) -> 0 | AA13: =IF(C13=7,1,0) -> 0 | AB13: =IF(C13=8,1,0) -> 0 | AC13: =IF(C13=9,1,0) -> 0 | AD13: =IF(C13=10,1,0) -> 0 | AE13: =IF(C13="SILO",1,0) -> 0 | AF13: =IF(C13="CB",1,0) -> 0
K14: =F14-J14 -> 0 | L14: =IF(F14=0,0,(TODAY()-A14)) -> 0 | M14: =IF(E14="T",G14,0) -> 0 | N14: =IF(E14="T",K14,0) -> 0 | O14: =IF(E14="B",G14,0) -> 0 | P14: =IF(E14="B",K14,0) -> 0 | Q14: =IF(G14>3500,K14,0) -> 0 | R14: =IF(AND(G14>=3100,G14<=3500),K14,0) -> 0 | S14: =IF(G14<3100,K14,0) -> 0 | U14: =IF(C14=1,1,0) -> 0 | V14: =IF(C14=2,1,0) -> 0 | W14: =IF(C14=3,1,0) -> 0 | X14: =IF(C14=4,1,0) -> 0 | Y14: =IF(C14=5,1,0) -> 0 | Z14: =IF(C14=6,1,0) -> 0 | AA14: =IF(C14=7,1,0) -> 0 | AB14: =IF(C14=8,1,0) -> 0 | AC14: =IF(C14=9,1,0) -> 0 | AD14: =IF(C14=10,1,0) -> 0 | AE14: =IF(C14="SILO",1,0) -> 0 | AF14: =IF(C14="CB",1,0) -> 0
K15: =F15-J15 -> 0 | L15: =IF(F15=0,0,(TODAY()-A15)) -> 0 | M15: =IF(E15="T",G15,0) -> 0 | N15: =IF(E15="T",K15,0) -> 0 | O15: =IF(E15="B",G15,0) -> 0 | P15: =IF(E15="B",K15,0) -> 0 | Q15: =IF(G15>3500,K15,0) -> 0 | R15: =IF(AND(G15>=3100,G15<=3500),K15,0) -> 0 | S15: =IF(G15<3100,K15,0) -> 0 | U15: =IF(C15=1,1,0) -> 0 | V15: =IF(C15=2,1,0) -> 0 | W15: =IF(C15=3,1,0) -> 0 | X15: =IF(C15=4,1,0) -> 0 | Y15: =IF(C15=5,1,0) -> 0 | Z15: =IF(C15=6,1,0) -> 0 | AA15: =IF(C15=7,1,0) -> 0 | AB15: =IF(C15=8,1,0) -> 0 | AC15: =IF(C15=9,1,0) -> 0 | AD15: =IF(C15=10,1,0) -> 0 | AE15: =IF(C15="SILO",1,0) -> 0 | AF15: =IF(C15="CB",1,0) -> 0
K16: =F16-J16 -> 0 | L16: =IF(F16=0,0,(TODAY()-A16)) -> 0 | M16: =IF(E16="T",G16,0) -> 0 | N16: =IF(E16="T",K16,0) -> 0 | O16: =IF(E16="B",G16,0) -> 0 | P16: =IF(E16="B",K16,0) -> 0 | Q16: =IF(G16>3500,K16,0) -> 0 | R16: =IF(AND(G16>=3100,G16<=3500),K16,0) -> 0 | S16: =IF(G16<3100,K16,0) -> 0 | U16: =IF(C16=1,1,0) -> 0 | V16: =IF(C16=2,1,0) -> 0 | W16: =IF(C16=3,1,0) -> 0 | X16: =IF(C16=4,1,0) -> 0 | Y16: =IF(C16=5,1,0) -> 0 | Z16: =IF(C16=6,1,0) -> 0 | AA16: =IF(C16=7,1,0) -> 0 | AB16: =IF(C16=8,1,0) -> 0 | AC16: =IF(C16=9,1,0) -> 0 | AD16: =IF(C16=10,1,0) -> 0 | AE16: =IF(C16="SILO",1,0) -> 0 | AF16: =IF(C16="CB",1,0) -> 0
K17: =F17-J17 -> 0 | L17: =IF(F17=0,0,(TODAY()-A17)) -> 0 | M17: =IF(E17="T",G17,0) -> 0 | N17: =IF(E17="T",K17,0) -> 0 | O17: =IF(E17="B",G17,0) -> 0 | P17: =IF(E17="B",K17,0) -> 0 | Q17: =IF(G17>3500,K17,0) -> 0 | R17: =IF(AND(G17>=3100,G17<=3500),K17,0) -> 0 | S17: =IF(G17<3100,K17,0) -> 0 | U17: =IF(C17=1,1,0) -> 0 | V17: =IF(C17=2,1,0) -> 0 | W17: =IF(C17=3,1,0) -> 0 | X17: =IF(C17=4,1,0) -> 0 | Y17: =IF(C17=5,1,0) -> 0 | Z17: =IF(C17=6,1,0) -> 0 | AA17: =IF(C17=7,1,0) -> 0 | AB17: =IF(C17=8,1,0) -> 0 | AC17: =IF(C17=9,1,0) -> 0 | AD17: =IF(C17=10,1,0) -> 0 | AE17: =IF(C17="SILO",1,0) -> 0 | AF17: =IF(C17="CB",1,0) -> 0
K18: =F18-J18 -> 0 | L18: =IF(F18=0,0,(TODAY()-A18)) -> 0 | M18: =IF(E18="T",G18,0) -> 0 | N18: =IF(E18="T",K18,0) -> 0 | O18: =IF(E18="B",G18,0) -> 0 | P18: =IF(E18="B",K18,0) -> 0 | Q18: =IF(G18>3500,K18,0) -> 0 | R18: =IF(AND(G18>=3100,G18<=3500),K18,0) -> 0 | S18: =IF(G18<3100,K18,0) -> 0 | U18: =IF(C18=1,1,0) -> 0 | V18: =IF(C18=2,1,0) -> 0 | W18: =IF(C18=3,1,0) -> 0 | X18: =IF(C18=4,1,0) -> 0 | Y18: =IF(C18=5,1,0) -> 0 | Z18: =IF(C18=6,1,0) -> 0 | AA18: =IF(C18=7,1,0) -> 0 | AB18: =IF(C18=8,1,0) -> 0 | AC18: =IF(C18=9,1,0) -> 0 | AD18: =IF(C18=10,1,0) -> 0 | AE18: =IF(C18="SILO",1,0) -> 0 | AF18: =IF(C18="CB",1,0) -> 0
K19: =F19-J19 -> 0 | L19: =IF(F19=0,0,(TODAY()-A19)) -> 0 | M19: =IF(E19="T",G19,0) -> 0 | N19: =IF(E19="T",K19,0) -> 0 | O19: =IF(E19="B",G19,0) -> 0 | P19: =IF(E19="B",K19,0) -> 0 | Q19: =IF(G19>3500,K19,0) -> 0 | R19: =IF(AND(G19>=3100,G19<=3500),K19,0) -> 0 | S19: =IF(G19<3100,K19,0) -> 0 | U19: =IF(C19=1,1,0) -> 0 | V19: =IF(C19=2,1,0) -> 0 | W19: =IF(C19=3,1,0) -> 0 | X19: =IF(C19=4,1,0) -> 0 | Y19: =IF(C19=5,1,0) -> 0 | Z19: =IF(C19=6,1,0) -> 0 | AA19: =IF(C19=7,1,0) -> 0 | AB19: =IF(C19=8,1,0) -> 0 | AC19: =IF(C19=9,1,0) -> 0 | AD19: =IF(C19=10,1,0) -> 0 | AE19: =IF(C19="SILO",1,0) -> 0 | AF19: =IF(C19="CB",1,0) -> 0
K20: =F20-J20 -> 0 | L20: =IF(F20=0,0,(TODAY()-A20)) -> 0 | M20: =IF(E20="T",G20,0) -> 0 | N20: =IF(E20="T",K20,0) -> 0 | O20: =IF(E20="B",G20,0) -> 0 | P20: =IF(E20="B",K20,0) -> 0 | Q20: =IF(G20>3500,K20,0) -> 0 | R20: =IF(AND(G20>=3100,G20<=3500),K20,0) -> 0 | S20: =IF(G20<3100,K20,0) -> 0 | U20: =IF(C20=1,1,0) -> 0 | V20: =IF(C20=2,1,0) -> 0 | W20: =IF(C20=3,1,0) -> 0 | X20: =IF(C20=4,1,0) -> 0 | Y20: =IF(C20=5,1,0) -> 0 | Z20: =IF(C20=6,1,0) -> 0 | AA20: =IF(C20=7,1,0) -> 0 | AB20: =IF(C20=8,1,0) -> 0 | AC20: =IF(C20=9,1,0) -> 0 | AD20: =IF(C20=10,1,0) -> 0 | AE20: =IF(C20="SILO",1,0) -> 0 | AF20: =IF(C20="CB",1,0) -> 0
K21: =F21-J21 -> 0 | L21: =IF(F21=0,0,(TODAY()-A21)) -> 0 | M21: =IF(E21="T",G21,0) -> 0 | N21: =IF(E21="T",K21,0) -> 0 | O21: =IF(E21="B",G21,0) -> 0 | P21: =IF(E21="B",K21,0) -> 0 | Q21: =IF(G21>3500,K21,0) -> 0 | R21: =IF(AND(G21>=3100,G21<=3500),K21,0) -> 0 | S21: =IF(G21<3100,K21,0) -> 0 | U21: =IF(C21=1,1,0) -> 0 | V21: =IF(C21=2,1,0) -> 0 | W21: =IF(C21=3,1,0) -> 0 | X21: =IF(C21=4,1,0) -> 0 | Y21: =IF(C21=5,1,0) -> 0 | Z21: =IF(C21=6,1,0) -> 0 | AA21: =IF(C21=7,1,0) -> 0 | AB21: =IF(C21=8,1,0) -> 0 | AC21: =IF(C21=9,1,0) -> 0 | AD21: =IF(C21=10,1,0) -> 0 | AE21: =IF(C21="SILO",1,0) -> 0 | AF21: =IF(C21="CB",1,0) -> 0
K22: =F22-J22 -> 0 | L22: =IF(F22=0,0,(TODAY()-A22)) -> 0 | M22: =IF(E22="T",G22,0) -> 0 | N22: =IF(E22="T",K22,0) -> 0 | O22: =IF(E22="B",G22,0) -> 0 | P22: =IF(E22="B",K22,0) -> 0 | Q22: =IF(G22>3500,K22,0) -> 0 | R22: =IF(AND(G22>=3100,G22<=3500),K22,0) -> 0 | S22: =IF(G22<3100,K22,0) -> 0 | U22: =IF(C22=1,1,0) -> 0 | V22: =IF(C22=2,1,0) -> 0 | W22: =IF(C22=3,1,0) -> 0 | X22: =IF(C22=4,1,0) -> 0 | Y22: =IF(C22=5,1,0) -> 0 | Z22: =IF(C22=6,1,0) -> 0 | AA22: =IF(C22=7,1,0) -> 0 | AB22: =IF(C22=8,1,0) -> 0 | AC22: =IF(C22=9,1,0) -> 0 | AD22: =IF(C22=10,1,0) -> 0 | AE22: =IF(C22="SILO",1,0) -> 0 | AF22: =IF(C22="CB",1,0) -> 0
F23: =SUM(F6:F22) -> 17196 | J23: AVILABLE QUANITY | K23: =SUM(K6:K22) -> 17196 | L23: =IF(U$23>=1,1,0) -> 0 | N23: =IF(E23="T",K23,0) -> 0 | P23: =IF(E23="B",K23,0) -> 0 | U23: =SUM(U6:U22) -> 0 | V23: =SUM(V6:V22) -> 0 | W23: =SUM(W6:W22) -> 0 | X23: =SUM(X6:X22) -> 0 | Y23: =SUM(Y6:Y22) -> 0 | Z23: =SUM(Z6:Z22) -> 0 | AA23: =SUM(AA6:AA22) -> 0 | AB23: =SUM(AB6:AB22) -> 0 | ... AF23: =SUM(AF6:AF22) -> 0
J24: PILE WTD GCV | K24: =SUMPRODUCT(K6:K22,G6:G22)/SUM(K6:K22) -> 3520.836 | L24: =IF(V$23>=1,1,0) -> 0
J25: TOP GCV | K25: =SUMPRODUCT(M6:M22,N6:N22)/SUM(N6:N22) -> 3501.7591 | L25: =IF(W$23>=1,1,0) -> 0
J26: TOP QNTY | K26: =SUM(N6:N22) -> 10680 | L26: =IF(X$23>=1,1,0) -> 0
J27: BOTTOM GCV | K27: =SUMPRODUCT(O6:O22,P6:P22)/SUM(P6:P22) -> 3552.1039 | L27: =IF(Y$23>=1,1,0) -> 0
J28: BOTTOM QNTY | K28: =SUM(P6:P22) -> 6516 | L28: =IF(Z$23>=1,1,0) -> 0
J29: MAX AGING | K29: =MAX(L6:L22) -> 105 | L29: =IF(AA$23>=1,1,0) -> 0
J30: AVERAGE AGING | K30: =AVERAGEIF((L6:L22),">0") -> 98.333333 | L30: =IF(AB$23>=1,1,0) -> 0
J31: >3500 | K31: =SUM(Q6:Q22) -> 13524 | L31: =IF(AC$23>=1,1,0) -> 0
J32: 3100-3500 | K32: =SUM(R6:R22) -> 3672 | L32: =IF(AD$23>=1,1,0) -> 0
J33: <3100 | K33: =SUM(S6:S22) -> 0 | L33: =IF(AE$23>=1,1,0) -> 1
L34: =IF(AF$23>=1,1,0) -> 0

Sheet PILE-1D
A3: summery
A5: STACKING DATE | B5: RAKE NO | C5: SPUR | D5: SUB PILE | E5: TOP/BOTTOM | F5: ST QNTY | G5: GCV | I5: RECLIAM DATE | J5: RC-QNTY | K5: AVAILABLE QUANTITY | L5: AGING | M5: TOP GCV | N5: TOP QNTY | O5: BTM GCV | P5: BTM QNTY | Q5: coal above 3500 | R5: 3100-3500 | S5: <3100
A6: 45586 | B6: 45 | C6: 5 | D6: 1 | E6: B | F6: 3970 | G6: 3355.5565 | H6: As per result | K6: =F6-J6 -> 3970 | L6: =IF(F6=0,0,(TODAY()-A6)) -> 102 | M6: =IF(E6="T",G6,0) -> 0 | N6: =IF(E6="T",K6,0) -> 0 | O6: =IF(E6="B",G6,0) -> 3355.5565 | P6: =IF(E6="B",K6,0) -> 3970 | Q6: =IF(G6>3500,K6,0) -> 0 | R6: =IF(AND(G6>=3100,G6<=3500),K6,0) -> 3970 | S6: =IF(G6<3100,K6,0) -> 0
A7: 45587 | B7: 46 | C7: 5 | D7: 1 | E7: B | F7: 2930 | G7: 3618.1337 | H7: As per result | K7: =F7-J7 -> 2930 | L7: =IF(F7=0,0,(TODAY()-A7)) -> 101 | M7: =IF(E7="T",G7,0) -> 0 | N7: =IF(E7="T",K7,0) -> 0 | O7: =IF(E7="B",G7,0) -> 3618.1337 | P7: =IF(E7="B",K7,0) -> 2930 | Q7: =IF(G7>3500,K7,0) -> 2930 | R7: =IF(AND(G7>=3100,G7<=3500),K7,0) -> 0 | S7: =IF(G7<3100,K7,0) -> 0
A8: 45587 | B8: 48 | C8: 5 | D8: 1 | E8: T | F8: 3475 | G8: 3597 | H8: As per result | K8: =F8-J8 -> 3475 | L8: =IF(F8=0,0,(TODAY()-A8)) -> 101 | M8: =IF(E8="T",G8,0) -> 3597 | N8: =IF(E8="T",K8,0) -> 3475 | O8: =IF(E8="B",G8,0) -> 0 | P8: =IF(E8="B",K8,0) -> 0 | Q8: =IF(G8>3500,K8,0) -> 3475 | R8: =IF(AND(G8>=3100,G8<=3500),K8,0) -> 0 | S8: =IF(G8<3100,K8,0) -> 0
A9: 45588 | B9: 51 | C9: 5 | D9: 1 | E9: T | F9: 3580 | G9: 3129.6455 | H9: As per result | K9: =F9-J9 -> 3580 | L9: =IF(F9=0,0,(TODAY()-A9)) -> 100 | M9: =IF(E9="T",G9,0) -> 3129.6455 | N9: =IF(E9="T",K9,0) -> 3580 | O9: =IF(E9="B",G9,0) -> 0 | P9: =IF(E9="B",K9,0) -> 0 | Q9: =IF(G9>3500,K9,0) -> 0 | R9: =IF(AND(G9>=3100,G9<=3500),K9,0) -> 3580 | S9: =IF(G9<3100,K9,0) -> 0
A10: 45589 | B10: 55 | C10: 5 | D10: 1 | E10: T | F10: 3700 | G10: 3527.8673 | H10: As per result | K10: =F10-J10 -> 3700 | L10: =IF(F10=0,0,(TODAY()-A10)) -> 99 | M10: =IF(E10="T",G10,0) -> 3527.8673 | N10: =IF(E10="T",K10,0) -> 3700 | O10: =IF(E10="B",G10,0) -> 0 | P10: =IF(E10="B",K10,0) -> 0 | Q10: =IF(G10>3500,K10,0) -> 3700 | R10: =IF(AND(G10>=3100,G10<=3500),K10,0) -> 0 | S10: =IF(G10<3100,K10,0) -> 0
A11: 45602 | B11: 6 | C11: 5 | D11: 1 | E11: T | F11: 3614 | G11: 3859.0587 | H11: As per result | K11: =F11-J11 -> 3614 | L11: =IF(F11=0,0,(TODAY()-A11)) -> 86 | M11: =IF(E11="T",G11,0) -> 3859.0587 | N11: =IF(E11="T",K11,0) -> 3614 | O11: =IF(E11="B",G11,0) -> 0 | P11: =IF(E11="B",K11,0) -> 0 | Q11: =IF(G11>3500,K11,0) -> 3614 | R11: =IF(AND(G11>=3100,G11<=3500),K11,0) -> 0 | S11: =IF(G11<3100,K11,0) -> 0
A12: 45606 | B12: 17 | C12: 1 | D12: 2 | E12: B | F12: 2800 | G12: 3371.4395 | H12: As per result | K12: =F12-J12 -> 2800 | L12: =IF(F12=0,0,(TODAY()-A12)) -> 82 | M12: =IF(E12="T",G12,0) -> 0 | N12: =IF(E12="T",K12,0) -> 0 | O12: =IF(E12="B",G12,0) -> 3371.4395 | P12: =IF(E12="B",K12,0) -> 2800 | Q12: =IF(G12>3500,K12,0) -> 0 | R12: =IF(AND(G12>=3100,G12<=3500),K12,0) -> 2800 | S12: =IF(G12<3100,K12,0) -> 0
A13: 45607 | B13: 22 | C13: 1 | D13: 2 | E13: B | F13: 1357 | G13: 2978.5033 | H13: As per result | K13: =F13-J13 -> 1357 | L13: =IF(F13=0,0,(TODAY()-A13)) -> 81 | M13: =IF(E13="T",G13,0) -> 0 | N13: =IF(E13="T",K13,0) -> 0 | O13: =IF(E13="B",G13,0) -> 2978.5033 | P13: =IF(E13="B",K13,0) -> 1357 | Q13: =IF(G13>3500,K13,0) -> 0 | R13: =IF(AND(G13>=3100,G13<=3500),K13,0) -> 0 | S13: =IF(G13<3100,K13,0) -> 1357
K14: =F14-J14 -> 0 | L14: =IF(F14=0,0,(TODAY()-A14)) -> 0 | M14: =IF(E14="T",G14,0) -> 0 | N14: =IF(E14="T",K14,0) -> 0 | O14: =IF(E14="B",G14,0) -> 0 | P14: =IF(E14="B",K14,0) -> 0 | Q14: =IF(G14>3500,K14,0) -> 0 | R14: =IF(AND(G14>=3100,G14<=3500),K14,0) -> 0 | S14: =IF(G14<3100,K14,0) -> 0
K15: =F15-J15 -> 0 | L15: =IF(F15=0,0,(TODAY()-A15)) -> 0 | M15: =IF(E15="T",G15,0) -> 0 | N15: =IF(E15="T",K15,0) -> 0 | O15: =IF(E15="B",G15,0) -> 0 | P15: =IF(E15="B",K15,0) -> 0 | Q15: =IF(G15>3500,K15,0) -> 0 | R15: =IF(AND(G15>=3100,G15<=3500),K15,0) -> 0 | S15: =IF(G15<3100,K15,0) -> 0
K16: =F16-J16 -> 0 | L16: =IF(F16=0,0,(TODAY()-A16)) -> 0 | M16: =IF(E16="T",G16,0) -> 0 | N16: =IF(E16="T",K16,0) -> 0 | O16: =IF(E16="B",G16,0) -> 0 | P16: =IF(E16="B",K16,0) -> 0 | Q16: =IF(G16>3500,K16,0) -> 0 | R16: =IF(AND(G16>=3100,G16<=3500),K16,0) -> 0 | S16: =IF(G16<3100,K16,0) -> 0
K17: =F17-J17 -> 0 | L17: =IF(F17=0,0,(TODAY()-A17)) -> 0 | M17: =IF(E17="T",G17,0) -> 0 | N17: =IF(E17="T",K17,0) -> 0 | O17: =IF(E17="B",G17,0) -> 0 | P17: =IF(E17="B",K17,0) -> 0 | Q17: =IF(G17>3500,K17,0) -> 0 | R17: =IF(AND(G17>=3100,G17<=3500),K17,0) -> 0 | S17: =IF(G17<3100,K17,0) -> 0
K18: =F18-J18 -> 0 | L18: =IF(F18=0,0,(TODAY()-A18)) -> 0 | M18: =IF(E18="T",G18,0) -> 0 | N18: =IF(E18="T",K18,0) -> 0 | O18: =IF(E18="B",G18,0) -> 0 | P18: =IF(E18="B",K18,0) -> 0 | Q18: =IF(G18>3500,K18,0) -> 0 | R18: =IF(AND(G18>=3100,G18<=3500),K18,0) -> 0 | S18: =IF(G18<3100,K18,0) -> 0
F19: =SUM(F6:F18) -> 25426 | J19: AVILABLE QUANITY | K19: =SUM(K6:K18) -> 25426 | N19: =IF(E19="T",K19,0) -> 0 | P19: =IF(E19="B",K19,0) -> 0
J20: PILE WTD GCV | K20: =SUMPRODUCT(K6:K18,G6:G18)/SUM(K6:K18) -> 3465.2719
J21: TOP GCV | K21: =SUMPRODUCT(M6:M18,N6:N18)/SUM(N6:N18) -> 3528.6696
J22: TOP QNTY | K22: =SUM(N6:N18) -> 14369
J23: BOTTOM GCV | K23: =SUMPRODUCT(O6:O18,P6:P18)/SUM(P6:P18) -> 3382.8842
J24: BOTTOM QNTY | K24: =SUM(P6:P18) -> 11057
J25: MAX AGING | K25: =MAX(L6:L18) -> 102
J26: AVERAGE AGING | K26: =AVERAGEIF((L6:L18),">0") -> 94
J27: >3500 | K27: =SUM(Q6:Q18) -> 13719
J28: 3100-3500 | K28: =SUM(R6:R18) -> 10350
J29: <3100 | K29: =SUM(S6:S18) -> 1357

Sheet PILE-2A
A3: summery
A5: STACKING DATE | B5: RAKE NO | C5: SPUR | D5: SUB PILE | E5: TOP/BOTTOM | F5: ST QNTY | G5: GCV | I5: RECLIAM DATE | J5: RC-QNTY | K5: AVAILABLE QUANTITY | L5: AGING | M5: TOP GCV | N5: TOP QNTY | O5: BTM GCV | P5: BTM QNTY | Q5: coal above 3500 | R5: 3100-3500 | S5: <3100
A6: 45621 | B6: 50 | C6: 1 | D6: 1 | E6: B | F6: 3784 | G6: 2435 | H6: As per result | K6: =F6-J6 -> 3784 | L6: =IF(F6=0,0,(TODAY()-A6)) -> 67 | M6: =IF(E6="T",G6,0) -> 0 | N6: =IF(E6="T",K6,0) -> 0 | O6: =IF(E6="B",G6,0) -> 2435 | P6: =IF(E6="B",K6,0) -> 3784 | Q6: =IF(G6>3500,K6,0) -> 0 | R6: =IF(AND(G6>=3100,G6<=3500),K6,0) -> 0 | S6: =IF(G6<3100,K6,0) -> 3784 | U6: =IF(C6=1,1,0) -> 1 | V6: =IF(C6=2,1,0) -> 0 | W6: =IF(C6=3,1,0) -> 0 | X6: =IF(C6=4,1,0) -> 0 | Y6: =IF(C6=5,1,0) -> 0 | Z6: =IF(C6=6,1,0) -> 0 | AA6: =IF(C6=7,1,0) -> 0 | AB6: =IF(C6=8,1,0) -> 0 | AC6: =IF(C6=9,1,0) -> 0 | AD6: =IF(C6=10,1,0) -> 0 | AE6: =IF(C6="SILO",1,0) -> 0 | AF6: =IF(C6="CB",1,0) -> 0
A7: 45624 | B7: 62 | C7: 1 | D7: 1 | E7: B | F7: 4166 | G7: 2854 | H7: Approx | K7: =F7-J7 -> 4166 | L7: =IF(F7=0,0,(TODAY()-A7)) -> 64 | M7: =IF(E7="T",G7,0) -> 0 | N7: =IF(E7="T",K7,0) -> 0 | O7: =IF(E7="B",G7,0) -> 2854 | P7: =IF(E7="B",K7,0) -> 4166 | Q7: =IF(G7>3500,K7,0) -> 0 | R7: =IF(AND(G7>=3100,G7<=3500),K7,0) -> 0 | S7: =IF(G7<3100,K7,0) -> 4166 | U7: =IF(C7=1,1,0) -> 1 | V7: =IF(C7=2,1,0) -> 0 | W7: =IF(C7=3,1,0) -> 0 | X7: =IF(C7=4,1,0) -> 0 | Y7: =IF(C7=5,1,0) -> 0 | Z7: =IF(C7=6,1,0) -> 0 | AA7: =IF(C7=7,1,0) -> 0 | AB7: =IF(C7=8,1,0) -> 0 | AC7: =IF(C7=9,1,0) -> 0 | AD7: =IF(C7=10,1,0) -> 0 | AE7: =IF(C7="SILO",1,0) -> 0 | AF7: =IF(C7="CB",1,0) -> 0
K8: =F8-J8 -> 0 | L8: =IF(F8=0,0,(TODAY()-A8)) -> 0 | M8: =IF(E8="T",G8,0) -> 0 | N8: =IF(E8="T",K8,0) -> 0 | O8: =IF(E8="B",G8,0) -> 0 | P8: =IF(E8="B",K8,0) -> 0 | Q8: =IF(G8>3500,K8,0) -> 0 | R8: =IF(AND(G8>=3100,G8<=3500),K8,0) -> 0 | S8: =IF(G8<3100,K8,0) -> 0 | U8: =IF(C8=1,1,0) -> 0 | V8: =IF(C8=2,1,0) -> 0 | W8: =IF(C8=3,1,0) -> 0 | X8: =IF(C8=4,1,0) -> 0 | Y8: =IF(C8=5,1,0) -> 0 | Z8: =IF(C8=6,1,0) -> 0 | AA8: =IF(C8=7,1,0) -> 0 | AB8: =IF(C8=8,1,0) -> 0 | AC8: =IF(C8=9,1,0) -> 0 | AD8: =IF(C8=10,1,0) -> 0 | AE8: =IF(C8="SILO",1,0) -> 0 | AF8: =IF(C8="CB",1,0) -> 0
K9: =F9-J9 -> 0 | L9: =IF(F9=0,0,(TODAY()-A9)) -> 0 | M9: =IF(E9="T",G9,0) -> 0 | N9: =IF(E9="T",K9,0) -> 0 | O9: =IF(E9="B",G9,0) -> 0 | P9: =IF(E9="B",K9,0) -> 0 | Q9: =IF(G9>3500,K9,0) -> 0 | R9: =IF(AND(G9>=3100,G9<=3500),K9,0) -> 0 | S9: =IF(G9<3100,K9,0) -> 0 | U9: =IF(C9=1,1,0) -> 0 | V9: =IF(C9=2,1,0) -> 0 | W9: =IF(C9=3,1,0) -> 0 | X9: =IF(C9=4,1,0) -> 0 | Y9: =IF(C9=5,1,0) -> 0 | Z9: =IF(C9=6,1,0) -> 0 | AA9: =IF(C9=7,1,0) -> 0 | AB9: =IF(C9=8,1,0) -> 0 | AC9: =IF(C9=9,1,0) -> 0 | AD9: =IF(C9=10,1,0) -> 0 | AE9: =IF(C9="SILO",1,0) -> 0 | AF9: =IF(C9="CB",1,0) -> 0
K10: =F10-J10 -> 0 | L10: =IF(F10=0,0,(TODAY()-A10)) -> 0 | M10: =IF(E10="T",G10,0) -> 0 | N10: =IF(E10="T",K10,0) -> 0 | O10: =IF(E10="B",G10,0) -> 0 | P10: =IF(E10="B",K10,0) -> 0 | Q10: =IF(G10>3500,K10,0) -> 0 | R10: =IF(AND(G10>=3100,G10<=3500),K10,0) -> 0 | S10: =IF(G10<3100,K10,0) -> 0 | U10: =IF(C10=1,1,0) -> 0 | V10: =IF(C10=2,1,0) -> 0 | W10: =IF(C10=3,1,0) -> 0 | X10: =IF(C10=4,1,0) -> 0 | Y10: =IF(C10=5,1,0) -> 0 | Z10: =IF(C10=6,1,0) -> 0 | AA10: =IF(C10=7,1,0) -> 0 | AB10: =IF(C10=8,1,0) -> 0 | AC10: =IF(C10=9,1,0) -> 0 | AD10: =IF(C10=10,1,0) -> 0 | AE10: =IF(C10="SILO",1,0) -> 0 | AF10: =IF(C10="CB",1,0) -> 0
K11: =F11-J11 -> 0 | L11: =IF(F11=0,0,(TODAY()-A11)) -> 0 | M11: =IF(E11="T",G11,0) -> 0 | N11: =IF(E11="T",K11,0) -> 0 | O11: =IF(E11="B",G11,0) -> 0 | P11: =IF(E11="B",K11,0) -> 0 | Q11: =IF(G11>3500,K11,0) -> 0 | R11: =IF(AND(G11>=3100,G11<=3500),K11,0) -> 0 | S11: =IF(G11<3100,K11,0) -> 0 | U11: =IF(C11=1,1,0) -> 0 | V11: =IF(C11=2,1,0) -> 0 | W11: =IF(C11=3,1,0) -> 0 | X11: =IF(C11=4,1,0) -> 0 | Y11: =IF(C11=5,1,0) -> 0 | Z11: =IF(C11=6,1,0) -> 0 | AA11: =IF(C11=7,1,0) -> 0 | AB11: =IF(C11=8,1,0) -> 0 | AC11: =IF(C11=9,1,0) -> 0 | AD11: =IF(C11=10,1,0) -> 0 | AE11: =IF(C11="SILO",1,0) -> 0 | AF11: =IF(C11="CB",1,0) -> 0
K12: =F12-J12 -> 0 | L12: =IF(F12=0,0,(TODAY()-A12)) -> 0 | M12: =IF(E12="T",G12,0) -> 0 | N12: =IF(E12="T",K12,0) -> 0 | O12: =IF(E12="B",G12,0) -> 0 | P12: =IF(E12="B",K12,0) -> 0 | Q12: =IF(G12>3500,K12,0) -> 0 | R12: =IF(AND(G12>=3100,G12<=3500),K12,0) -> 0 | S12: =IF(G12<3100,K12,0) -> 0 | U12: =IF(C12=1,1,0) -> 0 | V12: =IF(C12=2,1,0) -> 0 | W12: =IF(C12=3,1,0) -> 0 | X12: =IF(C12=4,1,0) -> 0 | Y12: =IF(C12=5,1,0) -> 0 | Z12: =IF(C12=6,1,0) -> 0 | AA12: =IF(C12=7,1,0) -> 0 | AB12: =IF(C12=8,1,0) -> 0 | AC12: =IF(C12=9,1,0) -> 0 | AD12: =IF(C12=10,1,0) -> 0 | AE12: =IF(C12="SILO",1,0) -> 0 | AF12: =IF(C12="CB",1,0) -> 0
K13: =F13-J13 -> 0 | L13: =IF(F13=0,0,(TODAY()-A13)) -> 0 | M13: =IF(E13="T",G13,0) -> 0 | N13: =IF(E13="T",K13,0) -> 0 | O13: =IF(E13="B",G13,0) -> 0 | P13: =IF(E13="B",K13,0) -> 0 | Q13: =IF(G13>3500,K13,0) -> 0 | R13: =IF(AND(G13>=3100,G13<=3500),K13,0) -> 0 | S13: =IF(G13<3100,K13,0) -> 0 | U13: =IF(C13=1,1,0) -> 0 | V13: =IF(C13=2,1,0) -> 0 | W13: =IF(C13=3,1,0) -> 0 | X13: =IF(C13=4,1,0) -> 0 | Y13: =IF(C13=5,1,0) -> 0 | Z13: =IF(C13=6,1,0) -> 0 | AA13: =IF(C13=7,1,0) -> 0 | AB13: =IF(C13=8,1,0) -> 0 | AC13: =IF(C13=9,1,0) -> 0 | AD13: =IF(C13=10,1,0) -> 0 | AE13: =IF(C13="SILO",1,0) -> 0 | AF13: =IF(C13="CB",1,0) -> 0
K14: =F14-J14 -> 0 | L14: =IF(F14=0,0,(TODAY()-A14)) -> 0 | M14: =IF(E14="T",G14,0) -> 0 | N14: =IF(E14="T",K14,0) -> 0 | O14: =IF(E14="B",G14,0) -> 0 | P14: =IF(E14="B",K14,0) -> 0 | Q14: =IF(G14>3500,K14,0) -> 0 | R14: =IF(AND(G14>=3100,G14<=3500),K14,0) -> 0 | S14: =IF(G14<3100,K14,0) -> 0 | U14: =IF(C14=1,1,0) -> 0 | V14: =IF(C14=2,1,0) -> 0 | W14: =IF(C14=3,1,0) -> 0 | X14: =IF(C14=4,1,0) -> 0 | Y14: =IF(C14=5,1,0) -> 0 | Z14: =IF(C14=6,1,0) -> 0 | AA14: =IF(C14=7,1,0) -> 0 | AB14: =IF(C14=8,1,0) -> 0 | AC14: =IF(C14=9,1,0) -> 0 | AD14: =IF(C14=10,1,0) -> 0 | AE14: =IF(C14="SILO",1,0) -> 0 | AF14: =IF(C14="CB",1,0) -> 0
K15: =F15-J15 -> 0 | L15: =IF(F15=0,0,(TODAY()-A15)) -> 0 | M15: =IF(E15="T",G15,0) -> 0 | N15: =IF(E15="T",K15,0) -> 0 | O15: =IF(E15="B",G15,0) -> 0 | P15: =IF(E15="B",K15,0) -> 0 | Q15: =IF(G15>3500,K15,0) -> 0 | R15: =IF(AND(G15>=3100,G15<=3500),K15,0) -> 0 | S15: =IF(G15<3100,K15,0) -> 0 | U15: =IF(C15=1,1,0) -> 0 | V15: =IF(C15=2,1,0) -> 0 | W15: =IF(C15=3,1,0) -> 0 | X15: =IF(C15=4,1,0) -> 0 | Y15: =IF(C15=5,1,0) -> 0 | Z15: =IF(C15=6,1,0) -> 0 | AA15: =IF(C15=7,1,0) -> 0 | AB15: =IF(C15=8,1,0) -> 0 | AC15: =IF(C15=9,1,0) -> 0 | AD15: =IF(C15=10,1,0) -> 0 | AE15: =IF(C15="SILO",1,0) -> 0 | AF15: =IF(C15="CB",1,0) -> 0
K16: =F16-J16 -> 0 | L16: =IF(F16=0,0,(TODAY()-A16)) -> 0 | M16: =IF(E16="T",G16,0) -> 0 | N16: =IF(E16="T",K16,0) -> 0 | O16: =IF(E16="B",G16,0) -> 0 | P16: =IF(E16="B",K16,0) -> 0 | Q16: =IF(G16>3500,K16,0) -> 0 | R16: =IF(AND(G16>=3100,G16<=3500),K16,0) -> 0 | S16: =IF(G16<3100,K16,0) -> 0 | U16: =IF(C16=1,1,0) -> 0 | V16: =IF(C16=2,1,0) -> 0 | W16: =IF(C16=3,1,0) -> 0 | X16: =IF(C16=4,1,0) -> 0 | Y16: =IF(C16=5,1,0) -> 0 | Z16: =IF(C16=6,1,0) -> 0 | AA16: =IF(C16=7,1,0) -> 0 | AB16: =IF(C16=8,1,0) -> 0 | AC16: =IF(C16=9,1,0) -> 0 | AD16: =IF(C16=10,1,0) -> 0 | AE16: =IF(C16="SILO",1,0) -> 0 | AF16: =IF(C16="CB",1,0) -> 0
K17: =F17-J17 -> 0 | L17: =IF(F17=0,0,(TODAY()-A17)) -> 0 | M17: =IF(E17="T",G17,0) -> 0 | N17: =IF(E17="T",K17,0) -> 0 | O17: =IF(E17="B",G17,0) -> 0 | P17: =IF(E17="B",K17,0) -> 0 | Q17: =IF(G17>3500,K17,0) -> 0 | R17: =IF(AND(G17>=3100,G17<=3500),K17,0) -> 0 | S17: =IF(G17<3100,K17,0) -> 0 | U17: =IF(C17=1,1,0) -> 0 | V17: =IF(C17=2,1,0) -> 0 | W17: =IF(C17=3,1,0) -> 0 | X17: =IF(C17=4,1,0) -> 0 | Y17: =IF(C17=5,1,0) -> 0 | Z17: =IF(C17=6,1,0) -> 0 | AA17: =IF(C17=7,1,0) -> 0 | AB17: =IF(C17=8,1,0) -> 0 | AC17: =IF(C17=9,1,0) -> 0 | AD17: =IF(C17=10,1,0) -> 0 | AE17: =IF(C17="SILO",1,0) -> 0 | AF17: =IF(C17="CB",1,0) -> 0
K18: =F18-J18 -> 0 | L18: =IF(F18=0,0,(TODAY()-A18)) -> 0 | M18: =IF(E18="T",G18,0) -> 0 | N18: =IF(E18="T",K18,0) -> 0 | O18: =IF(E18="B",G18,0) -> 0 | P18: =IF(E18="B",K18,0) -> 0 | Q18: =IF(G18>3500,K18,0) -> 0 | R18: =IF(AND(G18>=3100,G18<=3500),K18,0) -> 0 | S18: =IF(G18<3100,K18,0) -> 0 | U18: =IF(C18=1,1,0) -> 0 | V18: =IF(C18=2,1,0) -> 0 | W18: =IF(C18=3,1,0) -> 0 | X18: =IF(C18=4,1,0) -> 0 | Y18: =IF(C18=5,1,0) -> 0 | Z18: =IF(C18=6,1,0) -> 0 | AA18: =IF(C18=7,1,0) -> 0 | AB18: =IF(C18=8,1,0) -> 0 | AC18: =IF(C18=9,1,0) -> 0 | AD18: =IF(C18=10,1,0) -> 0 | AE18: =IF(C18="SILO",1,0) -> 0 | AF18: =IF(C18="CB",1,0) -> 0
K19: =F19-J19 -> 0 | L19: =IF(F19=0,0,(TODAY()-A19)) -> 0 | M19: =IF(E19="T",G19,0) -> 0 | N19: =IF(E19="T",K19,0) -> 0 | O19: =IF(E19="B",G19,0) -> 0 | P19: =IF(E19="B",K19,0) -> 0 | Q19: =IF(G19>3500,K19,0) -> 0 | R19: =IF(AND(G19>=3100,G19<=3500),K19,0) -> 0 | S19: =IF(G19<3100,K19,0) -> 0 | U19: =IF(C19=1,1,0) -> 0 | V19: =IF(C19=2,1,0) -> 0 | W19: =IF(C19=3,1,0) -> 0 | X19: =IF(C19=4,1,0) -> 0 | Y19: =IF(C19=5,1,0) -> 0 | Z19: =IF(C19=6,1,0) -> 0 | AA19: =IF(C19=7,1,0) -> 0 | AB19: =IF(C19=8,1,0) -> 0 | AC19: =IF(C19=9,1,0) -> 0 | AD19: =IF(C19=10,1,0) -> 0 | AE19: =IF(C19="SILO",1,0) -> 0 | AF19: =IF(C19="CB",1,0) -> 0
... K22: =F22-J22 -> 0 | L22: =IF(F22=0,0,(TODAY()-A22)) -> 0 | M22: =IF(E22="T",G22,0) -> 0 | N22: =IF(E22="T",K22,0) -> 0 | O22: =IF(E22="B",G22,0) -> 0 | P22: =IF(E22="B",K22,0) -> 0 | Q22: =IF(G22>3500,K22,0) -> 0 | R22: =IF(AND(G22>=3100,G22<=3500),K22,0) -> 0 | S22: =IF(G22<3100,K22,0) -> 0 | U22: =IF(C22=1,1,0) -> 0 | V22: =IF(C22=2,1,0) -> 0 | W22: =IF(C22=3,1,0) -> 0 | X22: =IF(C22=4,1,0) -> 0 | Y22: =IF(C22=5,1,0) -> 0 | Z22: =IF(C22=6,1,0) -> 0 | AA22: =IF(C22=7,1,0) -> 0 | AB22: =IF(C22=8,1,0) -> 0 | AC22: =IF(C22=9,1,0) -> 0 | AD22: =IF(C22=10,1,0) -> 0 | AE22: =IF(C22="SILO",1,0) -> 0 | AF22: =IF(C22="CB",1,0) -> 0
F23: =SUM(F6:F22) -> 7950 | J23: AVILABLE QUANITY | K23: =SUM(K6:K22) -> 7950 | L23: =IF(U$23>=1,1,0) -> 1 | N23: =IF(E23="T",K23,0) -> 0 | P23: =IF(E23="B",K23,0) -> 0 | U23: =SUM(U6:U22) -> 2 | V23: =SUM(V6:V22) -> 0 | W23: =SUM(W6:W22) -> 0 | X23: =SUM(X6:X22) -> 0 | Y23: =SUM(Y6:Y22) -> 0 | Z23: =SUM(Z6:Z22) -> 0 | AA23: =SUM(AA6:AA22) -> 0 | AB23: =SUM(AB6:AB22) -> 0 | ... AF23: =SUM(AF6:AF22) -> 0
J24: PILE WTD GCV | K24: =SUMPRODUCT(K6:K22,G6:G22)/SUM(K6:K22) -> 2654.5665 | L24: =IF(V$23>=1,1,0) -> 0
J25: TOP GCV | K25: =SUMPRODUCT(M6:M22,N6:N22)/SUM(N6:N22) -> #DIV/0! | L25: =IF(W$23>=1,1,0) -> 0
